genome,core,chr/contig,type,covered,"chr,core"
BUMA.1121.00001,all,1,gene,15.613009329638338,"1,all"
BUMA.1121.00001,all,1,"block, gene",68.27082082093094,"1,all"
BUMA.1121.00001,all,1,block,11.563476471550189,"1,all"
BUMA.1121.00001,all,2,gene,15.42068495976117,"2,all"
BUMA.1121.00001,all,2,"block, gene",67.35410484978695,"2,all"
BUMA.1121.00001,all,2,block,13.29947131874408,"2,all"
BUMA.1121.00002,all,1,block,12.411587289182759,"1,all"
BUMA.1121.00002,all,1,"block, gene",70.59015236716716,"1,all"
BUMA.1121.00002,all,1,gene,13.435928887016344,"1,all"
BUMA.1121.00002,all,2,gene,14.956608881900113,"2,all"
BUMA.1121.00002,all,2,"block, gene",67.12234346429643,"2,all"
BUMA.1121.00002,all,2,block,14.277846455436691,"2,all"
BUMA.1121.00003,all,1,gene,13.456482238737886,"1,all"
BUMA.1121.00003,all,1,"block, gene",70.41573291418128,"1,all"
BUMA.1121.00003,all,1,block,12.029277642095972,"1,all"
BUMA.1121.00003,all,2,block,13.299989831958731,"2,all"
BUMA.1121.00003,all,2,"block, gene",69.07080090271742,"2,all"
BUMA.1121.00003,all,2,gene,14.124464499147226,"2,all"
BUMA.1121.00004,all,1,gene,13.458665249314366,"1,all"
BUMA.1121.00004,all,1,"block, gene",70.78187290301679,"1,all"
BUMA.1121.00004,all,1,block,12.394409185414297,"1,all"
BUMA.1121.00004,all,2,gene,14.881921891795734,"2,all"
BUMA.1121.00004,all,2,"block, gene",66.89062960899348,"2,all"
BUMA.1121.00004,all,2,block,14.614733864099383,"2,all"
BUMA.1121.00005,all,1,block,11.846977444616643,"1,all"
BUMA.1121.00005,all,1,"block, gene",69.51999324020883,"1,all"
BUMA.1121.00005,all,1,gene,14.176962168572537,"1,all"
BUMA.1121.00005,all,2,gene,16.023130964536886,"2,all"
BUMA.1121.00005,all,2,"block, gene",66.97725713270806,"2,all"
BUMA.1121.00005,all,2,block,13.022705993444445,"2,all"
BUMA.1121.00006,all,1,gene,13.641546137050492,"1,all"
BUMA.1121.00006,all,1,"block, gene",70.58834254873986,"1,all"
BUMA.1121.00006,all,1,block,12.420770675406487,"1,all"
BUMA.1121.00006,all,2,gene,15.077856862408654,"2,all"
BUMA.1121.00006,all,2,block,14.09013755737291,"2,all"
BUMA.1121.00006,all,2,"block, gene",67.09322482526339,"2,all"
BUMA.1121.00007,all,1,gene,14.368629776326557,"1,all"
BUMA.1121.00007,all,1,"block, gene",69.63399070695331,"1,all"
BUMA.1121.00007,all,1,block,11.875742129053869,"1,all"
BUMA.1121.00007,all,2,gene,16.994636092507246,"2,all"
BUMA.1121.00007,all,2,"block, gene",66.02197406996714,"2,all"
BUMA.1121.00007,all,2,block,12.90282216117799,"2,all"
BUMA.1121.00008,all,1,gene,13.74810692232009,"1,all"
BUMA.1121.00008,all,1,"block, gene",70.50677011510082,"1,all"
BUMA.1121.00008,all,1,block,12.325990716507244,"1,all"
BUMA.1121.00008,all,2,gene,14.871448404044552,"2,all"
BUMA.1121.00008,all,2,"block, gene",67.0128347296934,"2,all"
BUMA.1121.00008,all,2,block,14.509934158701379,"2,all"
BUMA.1121.00009,all,1,block,11.924674828234869,"1,all"
BUMA.1121.00009,all,1,"block, gene",70.49635847860858,"1,all"
BUMA.1121.00009,all,1,gene,13.343384401814726,"1,all"
BUMA.1121.00009,all,2,block,13.208825544643899,"2,all"
BUMA.1121.00009,all,2,"block, gene",66.02221544445864,"2,all"
BUMA.1121.00009,all,2,gene,16.60953786178945,"2,all"
BUMA.1121.00010,all,1,gene,13.427442327650887,"1,all"
BUMA.1121.00010,all,1,"block, gene",70.59929317781018,"1,all"
BUMA.1121.00010,all,1,block,12.347991766288482,"1,all"
BUMA.1121.00010,all,2,gene,15.14536178541146,"2,all"
BUMA.1121.00010,all,2,"block, gene",66.98469077774588,"2,all"
BUMA.1121.00010,all,2,block,14.27398271548653,"2,all"
BUMA.1121.00011,all,1,block,12.042511513883282,"1,all"
BUMA.1121.00011,all,1,"block, gene",70.20538397884995,"1,all"
BUMA.1121.00011,all,1,gene,13.570525638825695,"1,all"
BUMA.1121.00011,all,2,block,13.050569255699482,"2,all"
BUMA.1121.00011,all,2,"block, gene",66.31011895933202,"2,all"
BUMA.1121.00011,all,2,gene,16.36849390186486,"2,all"
BUMA.1121.00012,all,1,gene,15.984977604664524,"1,all"
BUMA.1121.00012,all,1,"block, gene",68.10553816742033,"1,all"
BUMA.1121.00012,all,1,block,11.28848863070223,"1,all"
BUMA.1121.00012,all,2,block,12.940114116449406,"2,all"
BUMA.1121.00012,all,2,"block, gene",65.57183878145976,"2,all"
BUMA.1121.00012,all,2,gene,17.437412111044786,"2,all"
BUMA.1121.00013,all,1,block,12.368458822032549,"1,all"
BUMA.1121.00013,all,1,"block, gene",70.72149741025343,"1,all"
BUMA.1121.00013,all,1,gene,13.549116992057325,"1,all"
BUMA.1121.00013,all,2,gene,15.019541971375444,"2,all"
BUMA.1121.00013,all,2,"block, gene",67.218878075879,"2,all"
BUMA.1121.00013,all,2,block,14.11509372102748,"2,all"
BUMA.1121.00014,all,1,gene,15.584318448205018,"1,all"
BUMA.1121.00014,all,1,"block, gene",68.49040731967332,"1,all"
BUMA.1121.00014,all,1,block,11.349365947689027,"1,all"
BUMA.1121.00014,all,2,block,13.213149730130663,"2,all"
BUMA.1121.00014,all,2,"block, gene",66.1942680412875,"2,all"
BUMA.1121.00014,all,2,gene,16.665149402646026,"2,all"
BUMA.1121.00015,all,1,block,12.382839457562248,"1,all"
BUMA.1121.00015,all,1,"block, gene",70.60742697709077,"1,all"
BUMA.1121.00015,all,1,gene,13.647680780830365,"1,all"
BUMA.1121.00015,all,2,gene,14.909693208979371,"2,all"
BUMA.1121.00015,all,2,"block, gene",67.4538901730694,"2,all"
BUMA.1121.00015,all,2,block,13.876791968121335,"2,all"
BUMA.1121.00016,all,1,block,11.687613739623224,"1,all"
BUMA.1121.00016,all,1,"block, gene",69.058557632431,"1,all"
BUMA.1121.00016,all,1,gene,14.886596880890362,"1,all"
BUMA.1121.00016,all,2,block,13.126566320035844,"2,all"
BUMA.1121.00016,all,2,"block, gene",66.18569009402364,"2,all"
BUMA.1121.00016,all,2,gene,16.592649841169248,"2,all"
BUMA.1121.00017,all,1,gene,13.614901486098416,"1,all"
BUMA.1121.00017,all,1,"block, gene",70.66668894369165,"1,all"
BUMA.1121.00017,all,1,block,12.307432162858111,"1,all"
BUMA.1121.00017,all,2,gene,15.099608826976086,"2,all"
BUMA.1121.00017,all,2,"block, gene",67.23997840177879,"2,all"
BUMA.1121.00017,all,2,block,14.006540771358306,"2,all"
BUMA.1121.00018,all,1,gene,14.742776283973862,"1,all"
BUMA.1121.00018,all,1,block,11.69267716918723,"1,all"
BUMA.1121.00018,all,1,"block, gene",69.16224027853352,"1,all"
BUMA.1121.00018,all,2,gene,15.387166398789399,"2,all"
BUMA.1121.00018,all,2,"block, gene",67.26715911131743,"2,all"
BUMA.1121.00018,all,2,block,13.631073676730596,"2,all"
BUMA.1121.00019,all,1,gene,13.492939548918075,"1,all"
BUMA.1121.00019,all,1,"block, gene",70.86066695118969,"1,all"
BUMA.1121.00019,all,1,block,12.335439543935603,"1,all"
BUMA.1121.00019,all,2,gene,15.339148829489579,"2,all"
BUMA.1121.00019,all,2,"block, gene",66.5636419864915,"2,all"
BUMA.1121.00019,all,2,block,14.389738888248417,"2,all"
BUMA.1121.00020,all,1,gene,13.518081373974262,"1,all"
BUMA.1121.00020,all,1,"block, gene",70.8055567277097,"1,all"
BUMA.1121.00020,all,1,block,12.34970570657038,"1,all"
BUMA.1121.00020,all,2,gene,14.928735494693433,"2,all"
BUMA.1121.00020,all,2,"block, gene",67.01673542254368,"2,all"
BUMA.1121.00020,all,2,block,14.433750140620837,"2,all"
BUMA.1121.00021,all,1,gene,14.940941418789633,"1,all"
BUMA.1121.00021,all,1,block,11.570485831079907,"1,all"
BUMA.1121.00021,all,1,"block, gene",69.02199266252353,"1,all"
BUMA.1121.00021,all,2,gene,14.98103166825745,"2,all"
BUMA.1121.00021,all,2,"block, gene",67.56268724617034,"2,all"
BUMA.1121.00021,all,2,block,13.54958208502553,"2,all"
BUMA.1121.00022,all,1,block,12.3991186204905,"1,all"
BUMA.1121.00022,all,1,"block, gene",70.48139906075328,"1,all"
BUMA.1121.00022,all,1,gene,13.66287121398117,"1,all"
BUMA.1121.00022,all,2,gene,15.453982596841561,"2,all"
BUMA.1121.00022,all,2,block,13.802989991292897,"2,all"
BUMA.1121.00022,all,2,"block, gene",67.03853520087742,"2,all"
BUMA.1121.00023,all,1,block,11.430279794182022,"1,all"
BUMA.1121.00023,all,1,"block, gene",68.47092425855469,"1,all"
BUMA.1121.00023,all,1,gene,15.42249184954171,"1,all"
BUMA.1121.00023,all,2,block,12.999360082126387,"2,all"
BUMA.1121.00023,all,2,"block, gene",66.87674787389828,"2,all"
BUMA.1121.00023,all,2,gene,16.208562082663093,"2,all"
BUMA.1121.00024,all,1,gene,13.824429128509488,"1,all"
BUMA.1121.00024,all,1,"block, gene",70.52324671336719,"1,all"
BUMA.1121.00024,all,1,block,12.291603287188797,"1,all"
BUMA.1121.00024,all,2,gene,14.888834534583323,"2,all"
BUMA.1121.00024,all,2,"block, gene",67.44158747105485,"2,all"
BUMA.1121.00024,all,2,block,14.123584432371441,"2,all"
BUMA.1121.00025,all,1,gene,12.0848095316485,"1,all"
BUMA.1121.00025,all,1,"block, gene",48.720437264852045,"1,all"
BUMA.1121.00025,all,1,block,31.32152851836212,"1,all"
BUMA.1121.00025,all,2,gene,46.54386156933599,"2,all"
BUMA.1121.00025,all,2,"block, gene",67.97875004343985,"2,all"
BUMA.1121.00025,all,2,block,13.070892840497686,"2,all"
BUMA.1121.00026,all,1,block,12.217581989236713,"1,all"
BUMA.1121.00026,all,1,"block, gene",70.9259705716349,"1,all"
BUMA.1121.00026,all,1,gene,13.423269610554648,"1,all"
BUMA.1121.00026,all,2,gene,14.615285280761036,"2,all"
BUMA.1121.00026,all,2,"block, gene",67.06008006370661,"2,all"
BUMA.1121.00026,all,2,block,14.425403008845747,"2,all"
BUMA.1121.00027,all,1,gene,14.351597986863569,"1,all"
BUMA.1121.00027,all,1,"block, gene",69.35694687600946,"1,all"
BUMA.1121.00027,all,1,block,12.07572790754248,"1,all"
BUMA.1121.00027,all,2,block,13.431719505330383,"2,all"
BUMA.1121.00027,all,2,"block, gene",66.69638531169298,"2,all"
BUMA.1121.00027,all,2,gene,16.11119560837244,"2,all"
BUMA.1121.00028,all,1,gene,13.772421623346629,"1,all"
BUMA.1121.00028,all,1,"block, gene",70.48414694227029,"1,all"
BUMA.1121.00028,all,1,block,12.358150196687403,"1,all"
BUMA.1121.00028,all,2,gene,15.053843082944482,"2,all"
BUMA.1121.00028,all,2,"block, gene",67.30918744622562,"2,all"
BUMA.1121.00028,all,2,block,13.997571156858827,"2,all"
BUMA.1121.00029,all,1,gene,12.594870885994936,"1,all"
BUMA.1121.00029,all,1,"block, gene",53.92910022043104,"1,all"
BUMA.1121.00029,all,1,block,26.433583302871753,"1,all"
BUMA.1121.00029,all,2,gene,37.952787037351555,"2,all"
BUMA.1121.00029,all,2,"block, gene",66.23683475279462,"2,all"
BUMA.1121.00029,all,2,block,12.442113000563989,"2,all"
BUMA.1121.00030,all,1,gene,13.640574526763219,"1,all"
BUMA.1121.00030,all,1,"block, gene",70.6277196315848,"1,all"
BUMA.1121.00030,all,1,block,12.347681907453742,"1,all"
BUMA.1121.00030,all,2,gene,15.122204059225414,"2,all"
BUMA.1121.00030,all,2,block,14.021655364838848,"2,all"
BUMA.1121.00030,all,2,"block, gene",67.22831515828376,"2,all"
BUMA.1121.00031,all,1,block,11.686630691856227,"1,all"
BUMA.1121.00031,all,1,"block, gene",69.49641314594518,"1,all"
BUMA.1121.00031,all,1,gene,14.366422180520827,"1,all"
BUMA.1121.00031,all,2,block,13.079932735151395,"2,all"
BUMA.1121.00031,all,2,"block, gene",66.42648755502319,"2,all"
BUMA.1121.00031,all,2,gene,16.6127457824744,"2,all"
BUMA.1121.00032,all,1,block,12.378133759347701,"1,all"
BUMA.1121.00032,all,1,"block, gene",70.62813639722228,"1,all"
BUMA.1121.00032,all,1,gene,13.552800695600395,"1,all"
BUMA.1121.00032,all,2,gene,16.05164630562127,"2,all"
BUMA.1121.00032,all,2,"block, gene",66.06933855317375,"2,all"
BUMA.1121.00032,all,2,block,14.218428314545575,"2,all"
BUMA.1121.00033,all,1,gene,16.991118307804662,"1,all"
BUMA.1121.00033,all,1,"block, gene",66.76080317199543,"1,all"
BUMA.1121.00033,all,1,block,11.274598102652769,"1,all"
BUMA.1121.00033,all,2,block,12.933704851429741,"2,all"
BUMA.1121.00033,all,2,"block, gene",66.33493206913639,"2,all"
BUMA.1121.00033,all,2,gene,16.83368956667727,"2,all"
BUMA.1121.00034,all,1,gene,13.53373212743727,"1,all"
BUMA.1121.00034,all,1,"block, gene",70.79697820847093,"1,all"
BUMA.1121.00034,all,1,block,12.304639297280689,"1,all"
BUMA.1121.00034,all,2,gene,15.108707544073429,"2,all"
BUMA.1121.00034,all,2,"block, gene",67.25036688560337,"2,all"
BUMA.1121.00034,all,2,block,13.995176727569048,"2,all"
BUMA.1121.00035,all,1,gene,15.943747302471792,"1,all"
BUMA.1121.00035,all,1,block,11.511103444611603,"1,all"
BUMA.1121.00035,all,1,"block, gene",68.05900972602211,"1,all"
BUMA.1121.00035,all,2,block,12.904286266870745,"2,all"
BUMA.1121.00035,all,2,"block, gene",66.1214739166687,"2,all"
BUMA.1121.00035,all,2,gene,16.9436180511514,"2,all"
BUMA.1121.00036,all,1,gene,13.53432159953965,"1,all"
BUMA.1121.00036,all,1,"block, gene",70.64965032841802,"1,all"
BUMA.1121.00036,all,1,block,12.336864507864538,"1,all"
BUMA.1121.00036,all,2,gene,15.245038076366384,"2,all"
BUMA.1121.00036,all,2,block,13.862389201144962,"2,all"
BUMA.1121.00036,all,2,"block, gene",67.10218581196746,"2,all"
BUMA.1121.00037,all,1,gene,14.850052923373958,"1,all"
BUMA.1121.00037,all,1,"block, gene",68.95345797079642,"1,all"
BUMA.1121.00037,all,1,block,11.57098870496268,"1,all"
BUMA.1121.00037,all,2,gene,15.988539646606892,"2,all"
BUMA.1121.00037,all,2,"block, gene",67.03714452533083,"2,all"
BUMA.1121.00037,all,2,block,13.268155249071908,"2,all"
BUMA.1121.00038,all,1,gene,13.623298319908308,"1,all"
BUMA.1121.00038,all,1,"block, gene",70.52846634474714,"1,all"
BUMA.1121.00038,all,1,block,12.482581844320222,"1,all"
BUMA.1121.00038,all,2,gene,14.869363385099332,"2,all"
BUMA.1121.00038,all,2,block,14.272927091950894,"2,all"
BUMA.1121.00038,all,2,"block, gene",67.13321638151803,"2,all"
BUMA.1121.00039,all,1,gene,13.0139638485354,"1,all"
BUMA.1121.00039,all,1,"block, gene",51.40200656962391,"1,all"
BUMA.1121.00039,all,1,block,28.664228365721417,"1,all"
BUMA.1121.00039,all,2,block,12.787143843044463,"2,all"
BUMA.1121.00039,all,2,"block, gene",67.8437695788928,"2,all"
BUMA.1121.00039,all,2,gene,40.12584556964441,"2,all"
BUMA.1121.00040,all,1,gene,13.551778831178806,"1,all"
BUMA.1121.00040,all,1,"block, gene",70.50650944248311,"1,all"
BUMA.1121.00040,all,1,block,12.532924253325344,"1,all"
BUMA.1121.00040,all,2,gene,14.840382738237754,"2,all"
BUMA.1121.00040,all,2,block,14.023688228521733,"2,all"
BUMA.1121.00040,all,2,"block, gene",67.5202556499529,"2,all"
BUMA.1121.00041,all,1,block,28.336798698783085,"1,all"
BUMA.1121.00041,all,1,"block, gene",51.3878631439401,"1,all"
BUMA.1121.00041,all,1,gene,13.553423940669463,"1,all"
BUMA.1121.00041,all,2,gene,39.939216032733334,"2,all"
BUMA.1121.00041,all,2,"block, gene",67.09677598094413,"2,all"
BUMA.1121.00041,all,2,block,12.7057146040977,"2,all"
BUMA.1121.00042,all,1,block,12.330037215219594,"1,all"
BUMA.1121.00042,all,1,"block, gene",70.74896307812625,"1,all"
BUMA.1121.00042,all,1,gene,13.52969891062149,"1,all"
BUMA.1121.00042,all,2,gene,15.209428705453574,"2,all"
BUMA.1121.00042,all,2,"block, gene",67.22173025744846,"2,all"
BUMA.1121.00042,all,2,block,13.719202448757898,"2,all"
BUMA.1121.00043,all,1,block,28.48691442961092,"1,all"
BUMA.1121.00043,all,1,"block, gene",51.14862401833988,"1,all"
BUMA.1121.00043,all,1,gene,13.942679258659469,"1,all"
BUMA.1121.00043,all,2,block,12.680621982497337,"2,all"
BUMA.1121.00043,all,2,"block, gene",66.82504127322785,"2,all"
BUMA.1121.00043,all,2,gene,40.49483220651355,"2,all"
BUMA.1121.00044,all,1,gene,13.538418156664134,"1,all"
BUMA.1121.00044,all,1,"block, gene",70.71415556576981,"1,all"
BUMA.1121.00044,all,1,block,12.357705135278723,"1,all"
BUMA.1121.00044,all,2,gene,15.099945006900079,"2,all"
BUMA.1121.00044,all,2,"block, gene",67.17091157430247,"2,all"
BUMA.1121.00044,all,2,block,14.082808477804202,"2,all"
BUMA.1121.00045,all,1,gene,13.528661754845997,"1,all"
BUMA.1121.00045,all,1,"block, gene",70.45653063585397,"1,all"
BUMA.1121.00045,all,1,block,11.877981517854588,"1,all"
BUMA.1121.00045,all,2,block,13.16086566271068,"2,all"
BUMA.1121.00045,all,2,"block, gene",67.01453767136424,"2,all"
BUMA.1121.00045,all,2,gene,15.96998872275625,"2,all"
BUMA.1121.00046,all,1,block,12.450335164612818,"1,all"
BUMA.1121.00046,all,1,"block, gene",70.62569000707319,"1,all"
BUMA.1121.00046,all,1,gene,13.52396764682581,"1,all"
BUMA.1121.00046,all,2,gene,15.137751475991621,"2,all"
BUMA.1121.00046,all,2,block,14.132822987843682,"2,all"
BUMA.1121.00046,all,2,"block, gene",67.19113336646862,"2,all"
BUMA.1121.00047,all,1,gene,14.253165924271,"1,all"
BUMA.1121.00047,all,1,"block, gene",69.91045552309873,"1,all"
BUMA.1121.00047,all,1,block,11.906328867066005,"1,all"
BUMA.1121.00047,all,2,gene,15.45514226340413,"2,all"
BUMA.1121.00047,all,2,block,13.684153359837842,"2,all"
BUMA.1121.00047,all,2,"block, gene",66.89620913111746,"2,all"
BUMA.1121.00048,all,1,block,12.47477698481591,"1,all"
BUMA.1121.00048,all,1,"block, gene",70.53062984963479,"1,all"
BUMA.1121.00048,all,1,gene,13.600386532113532,"1,all"
BUMA.1121.00048,all,2,block,14.132600885714606,"2,all"
BUMA.1121.00048,all,2,"block, gene",67.05968209571532,"2,all"
BUMA.1121.00048,all,2,gene,15.013757045163874,"2,all"
BUMA.1121.00049,all,1,gene,14.466105889155688,"1,all"
BUMA.1121.00049,all,1,"block, gene",69.64171831592185,"1,all"
BUMA.1121.00049,all,1,block,11.64801044986179,"1,all"
BUMA.1121.00049,all,2,gene,15.49742294891147,"2,all"
BUMA.1121.00049,all,2,"block, gene",67.13321788296447,"2,all"
BUMA.1121.00049,all,2,block,13.38780969498114,"2,all"
BUMA.1121.00050,all,1,gene,13.60418742786641,"1,all"
BUMA.1121.00050,all,1,"block, gene",70.574026476211,"1,all"
BUMA.1121.00050,all,1,block,12.368520219075041,"1,all"
BUMA.1121.00050,all,2,gene,14.910617020607559,"2,all"
BUMA.1121.00050,all,2,"block, gene",67.33154514248596,"2,all"
BUMA.1121.00050,all,2,block,14.012802780239042,"2,all"
BUMA.1121.00051,all,1,block,11.891323017159735,"1,all"
BUMA.1121.00051,all,1,"block, gene",69.87826460343194,"1,all"
BUMA.1121.00051,all,1,gene,13.956054264250284,"1,all"
BUMA.1121.00051,all,2,gene,15.120862965263434,"2,all"
BUMA.1121.00051,all,2,"block, gene",67.20032227984098,"2,all"
BUMA.1121.00051,all,2,block,13.683892909362005,"2,all"
BUMA.1121.00052,all,1,gene,13.45888170685404,"1,all"
BUMA.1121.00052,all,1,block,12.395042794863702,"1,all"
BUMA.1121.00052,all,1,"block, gene",70.68360277400377,"1,all"
BUMA.1121.00052,all,2,block,13.801254738123564,"2,all"
BUMA.1121.00052,all,2,"block, gene",67.1683198221878,"2,all"
BUMA.1121.00052,all,2,gene,15.286154995434801,"2,all"
BUMA.1121.00053,all,1,block,11.638457503215458,"1,all"
BUMA.1121.00053,all,1,"block, gene",69.12145520712646,"1,all"
BUMA.1121.00053,all,1,gene,14.992715229513209,"1,all"
BUMA.1121.00053,all,2,block,13.595522168213286,"2,all"
BUMA.1121.00053,all,2,"block, gene",66.40768480658399,"2,all"
BUMA.1121.00053,all,2,gene,15.398420005556272,"2,all"
BUMA.1121.00054,all,1,gene,13.675147025376091,"1,all"
BUMA.1121.00054,all,1,"block, gene",70.44000954976259,"1,all"
BUMA.1121.00054,all,1,block,12.490891702019153,"1,all"
BUMA.1121.00054,all,2,gene,15.140020677542159,"2,all"
BUMA.1121.00054,all,2,"block, gene",67.16635960000482,"2,all"
BUMA.1121.00054,all,2,block,14.020259518636452,"2,all"
BUMA.1121.00055,all,1,block,11.671066433758394,"1,all"
BUMA.1121.00055,all,1,"block, gene",69.7418675882794,"1,all"
BUMA.1121.00055,all,1,gene,14.19739244564179,"1,all"
BUMA.1121.00055,all,2,block,13.348555884754578,"2,all"
BUMA.1121.00055,all,2,"block, gene",66.57436846682998,"2,all"
BUMA.1121.00055,all,2,gene,16.292310996155404,"2,all"
BUMA.1121.00056,all,1,block,11.910840063440416,"1,all"
BUMA.1121.00056,all,1,"block, gene",70.21462969707176,"1,all"
BUMA.1121.00056,all,1,gene,13.941380112649657,"1,all"
BUMA.1121.00056,all,2,block,13.830939849514989,"2,all"
BUMA.1121.00056,all,2,"block, gene",67.0946773849869,"2,all"
BUMA.1121.00056,all,2,gene,14.708247920845954,"2,all"
BUMA.1121.00057,all,1,block,12.045717006311127,"1,all"
BUMA.1121.00057,all,1,"block, gene",70.38248554469043,"1,all"
BUMA.1121.00057,all,1,gene,13.390662164468633,"1,all"
BUMA.1121.00057,all,2,block,13.516218787173297,"2,all"
BUMA.1121.00057,all,2,"block, gene",67.21473685686014,"2,all"
BUMA.1121.00057,all,2,gene,15.58597699787258,"2,all"
BUMA.1121.00058,all,1,block,11.793135089930017,"1,all"
BUMA.1121.00058,all,1,"block, gene",69.77942912168359,"1,all"
BUMA.1121.00058,all,1,gene,13.960922319212257,"1,all"
BUMA.1121.00058,all,2,block,13.438413984039412,"2,all"
BUMA.1121.00058,all,2,"block, gene",67.9796770238432,"2,all"
BUMA.1121.00058,all,2,gene,14.979966045410297,"2,all"
BUMA.1121.00059,all,1,gene,11.47487429906682,"1,all"
BUMA.1121.00059,all,1,"block, gene",54.23891618972074,"1,all"
BUMA.1121.00059,all,1,block,28.165700453652242,"1,all"
BUMA.1121.00059,all,2,gene,37.70205009381572,"2,all"
BUMA.1121.00059,all,2,"block, gene",68.35249524625053,"2,all"
BUMA.1121.00059,all,2,block,12.671260908438379,"2,all"
BUMA.1121.00060,all,1,block,11.88373288936468,"1,all"
BUMA.1121.00060,all,1,"block, gene",70.44679404394026,"1,all"
BUMA.1121.00060,all,1,gene,13.532692972240598,"1,all"
BUMA.1121.00060,all,2,gene,16.24011573252278,"2,all"
BUMA.1121.00060,all,2,block,13.366149034875324,"2,all"
BUMA.1121.00060,all,2,"block, gene",66.25440944368877,"2,all"
BUMA.1121.00061,all,1,block,12.183160134924535,"1,all"
BUMA.1121.00061,all,1,"block, gene",71.43792463492052,"1,all"
BUMA.1121.00061,all,1,gene,12.540887891328698,"1,all"
BUMA.1121.00061,all,2,gene,15.628126321434832,"2,all"
BUMA.1121.00061,all,2,"block, gene",67.16866149609629,"2,all"
BUMA.1121.00061,all,2,block,13.486338297630956,"2,all"
BUMA.1121.00062,all,1,gene,13.427561570891958,"1,all"
BUMA.1121.00062,all,1,block,11.896656556355138,"1,all"
BUMA.1121.00062,all,1,"block, gene",70.6413551807258,"1,all"
BUMA.1121.00062,all,2,gene,16.465394434773444,"2,all"
BUMA.1121.00062,all,2,"block, gene",66.43753884978291,"2,all"
BUMA.1121.00062,all,2,block,13.284959379209536,"2,all"
BUMA.1121.00063,all,1,block,12.187279872801843,"1,all"
BUMA.1121.00063,all,1,"block, gene",71.5718035778894,"1,all"
BUMA.1121.00063,all,1,gene,12.451211896744415,"1,all"
BUMA.1121.00063,all,2,gene,15.693943137137767,"2,all"
BUMA.1121.00063,all,2,"block, gene",67.28853396438636,"2,all"
BUMA.1121.00063,all,2,block,13.372491509626064,"2,all"
BUMA.1121.00064,all,1,block,11.771735763561896,"1,all"
BUMA.1121.00064,all,1,"block, gene",70.2397173341733,"1,all"
BUMA.1121.00064,all,1,gene,13.863799340409797,"1,all"
BUMA.1121.00064,all,2,gene,15.524839974270858,"2,all"
BUMA.1121.00064,all,2,"block, gene",67.23130401022586,"2,all"
BUMA.1121.00064,all,2,block,13.547611253045467,"2,all"
BUMA.1121.00065,all,1,block,11.819673819810504,"1,all"
BUMA.1121.00065,all,1,"block, gene",69.65623904297235,"1,all"
BUMA.1121.00065,all,1,gene,14.454411831707977,"1,all"
BUMA.1121.00065,all,2,gene,15.871975375495198,"2,all"
BUMA.1121.00065,all,2,"block, gene",67.19322528720535,"2,all"
BUMA.1121.00065,all,2,block,13.16742482351323,"2,all"
BUMA.1121.00066,all,1,block,12.217638496859747,"1,all"
BUMA.1121.00066,all,1,"block, gene",71.93976668396913,"1,all"
BUMA.1121.00066,all,1,gene,11.993432847126403,"1,all"
BUMA.1121.00066,all,2,gene,15.136184451113916,"2,all"
BUMA.1121.00066,all,2,"block, gene",67.56659401133166,"2,all"
BUMA.1121.00066,all,2,block,13.666387966601098,"2,all"
BUMA.1121.00067,all,1,block,11.928505036702788,"1,all"
BUMA.1121.00067,all,1,"block, gene",70.01734345705297,"1,all"
BUMA.1121.00067,all,1,gene,14.026651228192824,"1,all"
BUMA.1121.00067,all,2,block,13.206124572165711,"2,all"
BUMA.1121.00067,all,2,"block, gene",67.16706857640318,"2,all"
BUMA.1121.00067,all,2,gene,16.00334664302939,"2,all"
BUMA.1121.00068,all,1,block,11.896446862957237,"1,all"
BUMA.1121.00068,all,1,"block, gene",69.3756263422053,"1,all"
BUMA.1121.00068,all,1,gene,14.530409620810818,"1,all"
BUMA.1121.00068,all,2,gene,16.022806080647268,"2,all"
BUMA.1121.00068,all,2,"block, gene",66.9460507910871,"2,all"
BUMA.1121.00068,all,2,block,13.215219599225733,"2,all"
BUMA.1121.00069,all,1,block,12.240480980659543,"1,all"
BUMA.1121.00069,all,1,"block, gene",71.9542215526642,"1,all"
BUMA.1121.00069,all,1,gene,11.88765587372258,"1,all"
BUMA.1121.00069,all,2,gene,14.805268337751414,"2,all"
BUMA.1121.00069,all,2,"block, gene",67.88703872806175,"2,all"
BUMA.1121.00069,all,2,block,13.702154331712158,"2,all"
BUMA.1121.00070,all,1,block,12.188561039758774,"1,all"
BUMA.1121.00070,all,1,"block, gene",71.88114662894371,"1,all"
BUMA.1121.00070,all,1,gene,12.148738497336705,"1,all"
BUMA.1121.00070,all,2,gene,15.084560054770938,"2,all"
BUMA.1121.00070,all,2,"block, gene",67.4733356262103,"2,all"
BUMA.1121.00070,all,2,block,13.64082189959909,"2,all"
BUMA.1121.00071,all,1,block,12.326933461424142,"1,all"
BUMA.1121.00071,all,1,"block, gene",71.72111822861201,"1,all"
BUMA.1121.00071,all,1,gene,12.117912707704486,"1,all"
BUMA.1121.00071,all,2,gene,15.689331891611868,"2,all"
BUMA.1121.00071,all,2,"block, gene",67.06200738022048,"2,all"
BUMA.1121.00071,all,2,block,13.534635776726372,"2,all"
BUMA.1121.00072,all,1,block,12.302386385491442,"1,all"
BUMA.1121.00072,all,1,"block, gene",72.04360572399848,"1,all"
BUMA.1121.00072,all,1,gene,11.898400586330393,"1,all"
BUMA.1121.00072,all,2,gene,15.105134748989132,"2,all"
BUMA.1121.00072,all,2,"block, gene",67.44974068978519,"2,all"
BUMA.1121.00072,all,2,block,13.702412718047514,"2,all"
BUMA.1121.00073,all,1,block,12.149194536041225,"1,all"
BUMA.1121.00073,all,1,"block, gene",71.33746874580508,"1,all"
BUMA.1121.00073,all,1,gene,12.653813832983168,"1,all"
BUMA.1121.00073,all,2,gene,15.648068377909228,"2,all"
BUMA.1121.00073,all,2,"block, gene",67.10114381975801,"2,all"
BUMA.1121.00073,all,2,block,13.481259406834202,"2,all"
BUMA.1121.00074,all,1,gene,13.82759904588614,"1,all"
BUMA.1121.00074,all,1,"block, gene",70.16110209886631,"1,all"
BUMA.1121.00074,all,1,block,12.019282256929232,"1,all"
BUMA.1121.00074,all,2,block,13.250131053551616,"2,all"
BUMA.1121.00074,all,2,"block, gene",67.57516586488357,"2,all"
BUMA.1121.00074,all,2,gene,15.345857979280606,"2,all"
BUMA.1121.00075,all,1,block,12.354596940162459,"1,all"
BUMA.1121.00075,all,1,"block, gene",70.63910339431257,"1,all"
BUMA.1121.00075,all,1,gene,13.020851478385762,"1,all"
BUMA.1121.00075,all,2,gene,15.748664095401743,"2,all"
BUMA.1121.00075,all,2,"block, gene",66.90428788763947,"2,all"
BUMA.1121.00075,all,2,block,13.445421931739808,"2,all"
BUMA.1121.00076,all,1,gene,13.076373720945664,"1,all"
BUMA.1121.00076,all,1,"block, gene",70.98688955799452,"1,all"
BUMA.1121.00076,all,1,block,11.983824175108948,"1,all"
BUMA.1121.00076,all,2,block,12.944406472639574,"2,all"
BUMA.1121.00076,all,2,"block, gene",65.90522549174527,"2,all"
BUMA.1121.00076,all,2,gene,17.226659884725702,"2,all"
BUMA.1121.00077,all,1,block,12.097667844628726,"1,all"
BUMA.1121.00077,all,1,"block, gene",70.48839658737683,"1,all"
BUMA.1121.00077,all,1,gene,13.262910007739185,"1,all"
BUMA.1121.00077,all,2,block,13.287172309280294,"2,all"
BUMA.1121.00077,all,2,"block, gene",67.05241301518599,"2,all"
BUMA.1121.00077,all,2,gene,15.66197923398653,"2,all"
BUMA.1121.00078,all,1,block,11.723610721083341,"1,all"
BUMA.1121.00078,all,1,"block, gene",68.22404155175849,"1,all"
BUMA.1121.00078,all,1,gene,15.606991217774704,"1,all"
BUMA.1121.00078,all,2,gene,16.102637831620683,"2,all"
BUMA.1121.00078,all,2,"block, gene",66.60141955597257,"2,all"
BUMA.1121.00078,all,2,block,13.219365285954265,"2,all"
BUMA.1121.00079,all,1,block,11.929828530508821,"1,all"
BUMA.1121.00079,all,1,"block, gene",69.37938706935898,"1,all"
BUMA.1121.00079,all,1,gene,14.683034238813958,"1,all"
BUMA.1121.00079,all,2,gene,15.09583856293073,"2,all"
BUMA.1121.00079,all,2,"block, gene",67.13697974005515,"2,all"
BUMA.1121.00079,all,2,block,13.808707082901392,"2,all"
BUMA.1121.00080,all,1,block,12.037705882455542,"1,all"
BUMA.1121.00080,all,1,"block, gene",70.21294090882928,"1,all"
BUMA.1121.00080,all,1,gene,13.83377108908365,"1,all"
BUMA.1121.00080,all,2,gene,16.092910473743096,"2,all"
BUMA.1121.00080,all,2,"block, gene",66.78631101460024,"2,all"
BUMA.1121.00080,all,2,block,13.405953839673002,"2,all"
BUMA.1121.00081,all,1,gene,13.652928594463823,"1,all"
BUMA.1121.00081,all,1,"block, gene",70.49406463773038,"1,all"
BUMA.1121.00081,all,1,block,12.512549328404388,"1,all"
BUMA.1121.00081,all,2,gene,15.097245241377887,"2,all"
BUMA.1121.00081,all,2,"block, gene",67.17451678408229,"2,all"
BUMA.1121.00081,all,2,block,14.013670153154912,"2,all"
BUMA.1121.00082,all,1,block,12.014086491193366,"1,all"
BUMA.1121.00082,all,1,"block, gene",69.97409770226936,"1,all"
BUMA.1121.00082,all,1,gene,13.727260634446766,"1,all"
BUMA.1121.00082,all,2,gene,16.35027363650546,"2,all"
BUMA.1121.00082,all,2,"block, gene",66.58858085631759,"2,all"
BUMA.1121.00082,all,2,block,13.261624233179589,"2,all"
BUMA.1121.00083,all,1,gene,13.745208976605253,"1,all"
BUMA.1121.00083,all,1,"block, gene",69.96490652825946,"1,all"
BUMA.1121.00083,all,1,block,12.02266166030236,"1,all"
BUMA.1121.00083,all,2,block,13.28459184757208,"2,all"
BUMA.1121.00083,all,2,"block, gene",66.56509301568482,"2,all"
BUMA.1121.00083,all,2,gene,16.355721451831933,"2,all"
BUMA.1121.00084,all,1,gene,15.388828517225637,"1,all"
BUMA.1121.00084,all,1,block,11.628091274199694,"1,all"
BUMA.1121.00084,all,1,"block, gene",68.26523668223189,"1,all"
BUMA.1121.00084,all,2,block,13.53413611703201,"2,all"
BUMA.1121.00084,all,2,"block, gene",67.26829348015345,"2,all"
BUMA.1121.00084,all,2,gene,15.590292422877639,"2,all"
BUMA.1121.00085,all,1,gene,13.484142945942654,"1,all"
BUMA.1121.00085,all,1,block,12.366609348453753,"1,all"
BUMA.1121.00085,all,1,"block, gene",70.71919012624684,"1,all"
BUMA.1121.00085,all,2,gene,15.293137097806126,"2,all"
BUMA.1121.00085,all,2,block,13.85284179922786,"2,all"
BUMA.1121.00085,all,2,"block, gene",67.11823355747406,"2,all"
BUMA.1121.00086,all,1,gene,13.780867680659052,"1,all"
BUMA.1121.00086,all,1,"block, gene",70.49338227364179,"1,all"
BUMA.1121.00086,all,1,block,12.337174352280396,"1,all"
BUMA.1121.00086,all,2,gene,15.431596316190138,"2,all"
BUMA.1121.00086,all,2,"block, gene",67.11230162457767,"2,all"
BUMA.1121.00086,all,2,block,13.782748388747606,"2,all"
BUMA.1121.00087,all,1,gene,13.486389968776125,"1,all"
BUMA.1121.00087,all,1,"block, gene",70.61598545072098,"1,all"
BUMA.1121.00087,all,1,block,12.39013102290844,"1,all"
BUMA.1121.00087,all,2,block,13.783760335534334,"2,all"
BUMA.1121.00087,all,2,"block, gene",67.13208644891412,"2,all"
BUMA.1121.00087,all,2,gene,15.333718359719548,"2,all"
BUMA.1121.00088,all,1,block,11.543916994141085,"1,all"
BUMA.1121.00088,all,1,"block, gene",67.61086209557382,"1,all"
BUMA.1121.00088,all,1,gene,16.30690972429355,"1,all"
BUMA.1121.00088,all,2,gene,15.574182548367293,"2,all"
BUMA.1121.00088,all,2,block,13.39039703335746,"2,all"
BUMA.1121.00088,all,2,"block, gene",67.43981072267952,"2,all"
BUMA.1121.00089,all,1,block,11.84413513503349,"1,all"
BUMA.1121.00089,all,1,"block, gene",70.22726845357413,"1,all"
BUMA.1121.00089,all,1,gene,14.010036467755057,"1,all"
BUMA.1121.00089,all,2,gene,15.051177214610192,"2,all"
BUMA.1121.00089,all,2,"block, gene",67.18617876582579,"2,all"
BUMA.1121.00089,all,2,block,13.816944950228876,"2,all"
BUMA.1121.00090,all,1,block,11.491144812808068,"1,all"
BUMA.1121.00090,all,1,"block, gene",69.12480723748632,"1,all"
BUMA.1121.00090,all,1,gene,14.736809415253886,"1,all"
BUMA.1121.00090,all,2,gene,16.525448942922154,"2,all"
BUMA.1121.00090,all,2,"block, gene",66.39453729111034,"2,all"
BUMA.1121.00090,all,2,block,13.155578130760743,"2,all"
BUMA.1121.00091,all,1,block,11.835910712305427,"1,all"
BUMA.1121.00091,all,1,"block, gene",70.0735941693566,"1,all"
BUMA.1121.00091,all,1,gene,13.731561052726327,"1,all"
BUMA.1121.00091,all,2,gene,15.841042548457263,"2,all"
BUMA.1121.00091,all,2,"block, gene",66.51827621764919,"2,all"
BUMA.1121.00091,all,2,block,13.408394554024294,"2,all"
BUMA.1121.00092,all,1,block,11.694889495067764,"1,all"
BUMA.1121.00092,all,1,"block, gene",68.78605838538577,"1,all"
BUMA.1121.00092,all,1,gene,15.155443832727208,"1,all"
BUMA.1121.00092,all,2,gene,15.546872685182972,"2,all"
BUMA.1121.00092,all,2,"block, gene",67.30778237302974,"2,all"
BUMA.1121.00092,all,2,block,13.414333809000853,"2,all"
BUMA.1121.00093,all,1,block,11.75294024499435,"1,all"
BUMA.1121.00093,all,1,"block, gene",68.74283999515173,"1,all"
BUMA.1121.00093,all,1,gene,15.124153995331579,"1,all"
BUMA.1121.00093,all,2,gene,15.705992503409707,"2,all"
BUMA.1121.00093,all,2,"block, gene",67.04530064251946,"2,all"
BUMA.1121.00093,all,2,block,13.481495375830969,"2,all"
BUMA.1121.00094,all,1,block,11.944743547678943,"1,all"
BUMA.1121.00094,all,1,"block, gene",69.89040118927167,"1,all"
BUMA.1121.00094,all,1,gene,14.125074935459923,"1,all"
BUMA.1121.00094,all,2,gene,15.460231301715927,"2,all"
BUMA.1121.00094,all,2,"block, gene",66.97899713441605,"2,all"
BUMA.1121.00094,all,2,block,13.55355242344172,"2,all"
BUMA.1121.00095,all,1,block,11.91843570359388,"1,all"
BUMA.1121.00095,all,1,"block, gene",70.41890717713069,"1,all"
BUMA.1121.00095,all,1,gene,13.668454404918837,"1,all"
BUMA.1121.00095,all,2,block,13.14871350843834,"2,all"
BUMA.1121.00095,all,2,"block, gene",66.69837275037253,"2,all"
BUMA.1121.00095,all,2,gene,16.32288469673984,"2,all"
BUMA.1121.00096,all,1,block,11.550174454777634,"1,all"
BUMA.1121.00096,all,1,"block, gene",69.73279717556736,"1,all"
BUMA.1121.00096,all,1,gene,14.506611512203646,"1,all"
BUMA.1121.00096,all,2,block,12.71053974023579,"2,all"
BUMA.1121.00096,all,2,"block, gene",65.26729716424813,"2,all"
BUMA.1121.00096,all,2,gene,17.956450156831192,"2,all"
BUMA.1121.00097,all,1,gene,14.236124853274665,"1,all"
BUMA.1121.00097,all,1,"block, gene",69.6849661072155,"1,all"
BUMA.1121.00097,all,1,block,12.022271523300905,"1,all"
BUMA.1121.00097,all,2,gene,15.623407222788199,"2,all"
BUMA.1121.00097,all,2,"block, gene",67.42549885705235,"2,all"
BUMA.1121.00097,all,2,block,13.217670358982323,"2,all"
BUMA.1121.00098,all,1,block,11.398436623052971,"1,all"
BUMA.1121.00098,all,1,"block, gene",67.66665943492423,"1,all"
BUMA.1121.00098,all,1,gene,16.35122120548116,"1,all"
BUMA.1121.00098,all,2,block,13.160343297571869,"2,all"
BUMA.1121.00098,all,2,"block, gene",66.93472948082714,"2,all"
BUMA.1121.00098,all,2,gene,16.133894162911947,"2,all"
BUMA.1121.00099,all,1,block,11.684126138631974,"1,all"
BUMA.1121.00099,all,1,"block, gene",69.72064355726164,"1,all"
BUMA.1121.00099,all,1,gene,14.271229069543919,"1,all"
BUMA.1121.00099,all,2,block,13.176202270842968,"2,all"
BUMA.1121.00099,all,2,"block, gene",65.64115857736117,"2,all"
BUMA.1121.00099,all,2,gene,17.137858880138186,"2,all"
BUMA.1121.00100,all,1,gene,14.789694232936752,"1,all"
BUMA.1121.00100,all,1,"block, gene",69.2522254410788,"1,all"
BUMA.1121.00100,all,1,block,11.640546851436936,"1,all"
BUMA.1121.00100,all,2,gene,16.350764118446886,"2,all"
BUMA.1121.00100,all,2,block,13.395286912014251,"2,all"
BUMA.1121.00100,all,2,"block, gene",66.62901146901602,"2,all"
BUMA.1121.00101,all,1,block,12.294761359473144,"1,all"
BUMA.1121.00101,all,1,"block, gene",70.81976116352317,"1,all"
BUMA.1121.00101,all,1,gene,12.659278888905465,"1,all"
BUMA.1121.00101,all,2,block,13.390026556288372,"2,all"
BUMA.1121.00101,all,2,"block, gene",66.15676828314888,"2,all"
BUMA.1121.00101,all,2,gene,16.599742439706638,"2,all"
BUMA.1121.00102,all,1,block,11.423582547230108,"1,all"
BUMA.1121.00102,all,1,"block, gene",67.40162669070632,"1,all"
BUMA.1121.00102,all,1,gene,16.54191675783879,"1,all"
BUMA.1121.00102,all,2,gene,15.432492718334,"2,all"
BUMA.1121.00102,all,2,"block, gene",66.83860969392553,"2,all"
BUMA.1121.00102,all,2,block,13.6467135017071,"2,all"
BUMA.1121.00103,all,1,gene,14.615614086558914,"1,all"
BUMA.1121.00103,all,1,"block, gene",69.43589864862702,"1,all"
BUMA.1121.00103,all,1,block,11.752306502695776,"1,all"
BUMA.1121.00103,all,2,gene,16.629430714588196,"2,all"
BUMA.1121.00103,all,2,"block, gene",66.16873902237343,"2,all"
BUMA.1121.00103,all,2,block,12.915380414203767,"2,all"
BUMA.1121.00104,all,1,gene,10.76754947402208,"1,all"
BUMA.1121.00104,all,1,"block, gene",55.36792980337763,"1,all"
BUMA.1121.00104,all,1,block,27.747892330873803,"1,all"
BUMA.1121.00104,all,2,block,12.691463788253031,"2,all"
BUMA.1121.00104,all,2,"block, gene",67.99785034266122,"2,all"
BUMA.1121.00104,all,2,gene,36.90320312927055,"2,all"
BUMA.1121.00105,all,1,block,11.756998794332667,"1,all"
BUMA.1121.00105,all,1,"block, gene",69.75400304453403,"1,all"
BUMA.1121.00105,all,1,gene,14.263761383401215,"1,all"
BUMA.1121.00105,all,2,block,13.449043040749384,"2,all"
BUMA.1121.00105,all,2,"block, gene",66.77666306017632,"2,all"
BUMA.1121.00105,all,2,gene,16.027907549291392,"2,all"
BUMA.1121.00106,all,1,gene,13.412014824315794,"1,all"
BUMA.1121.00106,all,1,"block, gene",70.67247825361227,"1,all"
BUMA.1121.00106,all,1,block,11.878905470513894,"1,all"
BUMA.1121.00106,all,2,gene,15.418895556163632,"2,all"
BUMA.1121.00106,all,2,block,13.57427360066023,"2,all"
BUMA.1121.00106,all,2,"block, gene",67.1147718157745,"2,all"
BUMA.1121.00107,all,1,block,11.804691563583674,"1,all"
BUMA.1121.00107,all,1,"block, gene",68.92429086701625,"1,all"
BUMA.1121.00107,all,1,gene,14.994445852781768,"1,all"
BUMA.1121.00107,all,2,block,13.150804464208523,"2,all"
BUMA.1121.00107,all,2,"block, gene",66.23174605437131,"2,all"
BUMA.1121.00107,all,2,gene,16.66740518576751,"2,all"
BUMA.1121.00108,all,1,block,11.951654967233566,"1,all"
BUMA.1121.00108,all,1,"block, gene",69.99655429637566,"1,all"
BUMA.1121.00108,all,1,gene,13.73726869567094,"1,all"
BUMA.1121.00108,all,2,block,13.48306340680319,"2,all"
BUMA.1121.00108,all,2,"block, gene",67.42342516073813,"2,all"
BUMA.1121.00108,all,2,gene,15.31405999262442,"2,all"
BUMA.1121.00109,all,1,gene,14.07621700361122,"1,all"
BUMA.1121.00109,all,1,block,11.803850454160912,"1,all"
BUMA.1121.00109,all,1,"block, gene",69.87094443400319,"1,all"
BUMA.1121.00109,all,2,gene,15.972978017588455,"2,all"
BUMA.1121.00109,all,2,"block, gene",66.95355581744774,"2,all"
BUMA.1121.00109,all,2,block,12.988819889217806,"2,all"
BUMA.1121.00110,all,1,gene,13.412859370127844,"1,all"
BUMA.1121.00110,all,1,block,11.877343311506081,"1,all"
BUMA.1121.00110,all,1,"block, gene",70.69690053009042,"1,all"
BUMA.1121.00110,all,2,block,13.235435035522505,"2,all"
BUMA.1121.00110,all,2,"block, gene",67.1202445727287,"2,all"
BUMA.1121.00110,all,2,gene,15.768356161186055,"2,all"
BUMA.1121.00111,all,1,gene,14.612242529505792,"1,all"
BUMA.1121.00111,all,1,"block, gene",69.27888671273456,"1,all"
BUMA.1121.00111,all,1,block,11.674706975503137,"1,all"
BUMA.1121.00111,all,2,gene,16.665644516517272,"2,all"
BUMA.1121.00111,all,2,"block, gene",66.51672709805139,"2,all"
BUMA.1121.00111,all,2,block,13.044773601005922,"2,all"
BUMA.1121.00112,all,1,gene,15.236894603468286,"1,all"
BUMA.1121.00112,all,1,block,11.495262391704717,"1,all"
BUMA.1121.00112,all,1,"block, gene",68.77860797461925,"1,all"
BUMA.1121.00112,all,2,block,12.926976334186266,"2,all"
BUMA.1121.00112,all,2,"block, gene",65.9174022698613,"2,all"
BUMA.1121.00112,all,2,gene,17.079910380881255,"2,all"
BUMA.1121.00001,core,1,block,25.32808466316185,"1,core"
BUMA.1121.00001,core,1,"block, gene",40.184593226839496,"1,core"
BUMA.1121.00001,core,1,gene,4.401456779748229,"1,core"
BUMA.1121.00001,core,2,gene,2.1402406493381925,"2,core"
BUMA.1121.00001,core,2,"block, gene",13.339562823921494,"2,core"
BUMA.1121.00001,core,2,block,12.401659832198714,"2,core"
BUMA.1121.00002,core,1,block,29.053195429324763,"1,core"
BUMA.1121.00002,core,1,"block, gene",45.738408237091605,"1,core"
BUMA.1121.00002,core,1,gene,4.919342690781747,"1,core"
BUMA.1121.00002,core,2,block,19.47083279994039,"2,core"
BUMA.1121.00002,core,2,"block, gene",21.545046706115453,"2,core"
BUMA.1121.00002,core,2,gene,2.9053993377647935,"2,core"
BUMA.1121.00003,core,1,block,26.485988221309427,"1,core"
BUMA.1121.00003,core,1,"block, gene",41.99717716002683,"1,core"
BUMA.1121.00003,core,1,gene,4.5891327301807365,"1,core"
BUMA.1121.00003,core,2,gene,2.0159580692999977,"2,core"
BUMA.1121.00003,core,2,block,12.655917959894431,"2,core"
BUMA.1121.00003,core,2,"block, gene",13.616318235390795,"2,core"
BUMA.1121.00004,core,1,block,29.14792179615184,"1,core"
BUMA.1121.00004,core,1,"block, gene",45.513014749184386,"1,core"
BUMA.1121.00004,core,1,gene,4.92085621766734,"1,core"
BUMA.1121.00004,core,2,gene,2.8922807122544065,"2,core"
BUMA.1121.00004,core,2,block,19.393433302030772,"2,core"
BUMA.1121.00004,core,2,"block, gene",21.40909978297207,"2,core"
BUMA.1121.00005,core,1,block,25.6171696724827,"1,core"
BUMA.1121.00005,core,1,"block, gene",40.40650388478596,"1,core"
BUMA.1121.00005,core,1,gene,4.395982851217834,"1,core"
BUMA.1121.00005,core,2,gene,2.021024853280497,"2,core"
BUMA.1121.00005,core,2,"block, gene",13.098082283376133,"2,core"
BUMA.1121.00005,core,2,block,12.159704320908178,"2,core"
BUMA.1121.00006,core,1,block,29.195963378445523,"1,core"
BUMA.1121.00006,core,1,"block, gene",46.02135459638343,"1,core"
BUMA.1121.00006,core,1,gene,4.9771742053706145,"1,core"
BUMA.1121.00006,core,2,gene,2.8029674583300546,"2,core"
BUMA.1121.00006,core,2,block,17.578333133364037,"2,core"
BUMA.1121.00006,core,2,"block, gene",19.39340927006047,"2,core"
BUMA.1121.00007,core,1,block,25.574081683897298,"1,core"
BUMA.1121.00007,core,1,"block, gene",40.53897993544495,"1,core"
BUMA.1121.00007,core,1,gene,4.442266737769639,"1,core"
BUMA.1121.00007,core,2,gene,2.151680465471371,"2,core"
BUMA.1121.00007,core,2,block,12.207377234304909,"2,core"
BUMA.1121.00007,core,2,"block, gene",13.165811508441024,"2,core"
BUMA.1121.00008,core,1,block,29.733537285023797,"1,core"
BUMA.1121.00008,core,1,"block, gene",46.501772305717324,"1,core"
BUMA.1121.00008,core,1,gene,5.101565075361986,"1,core"
BUMA.1121.00008,core,2,gene,2.89296916795185,"2,core"
BUMA.1121.00008,core,2,block,19.38897488452354,"2,core"
BUMA.1121.00008,core,2,"block, gene",21.422035217350402,"2,core"
BUMA.1121.00009,core,1,block,26.0814664668189,"1,core"
BUMA.1121.00009,core,1,"block, gene",41.35365007192508,"1,core"
BUMA.1121.00009,core,1,gene,4.548305485418825,"1,core"
BUMA.1121.00009,core,2,block,12.122227118782886,"2,core"
BUMA.1121.00009,core,2,"block, gene",13.012073451669826,"2,core"
BUMA.1121.00009,core,2,gene,2.00498878714773,"2,core"
BUMA.1121.00010,core,1,gene,4.923443634086071,"1,core"
BUMA.1121.00010,core,1,"block, gene",45.70530660046942,"1,core"
BUMA.1121.00010,core,1,block,29.041040914119716,"1,core"
BUMA.1121.00010,core,2,gene,2.750576325309766,"2,core"
BUMA.1121.00010,core,2,"block, gene",21.51164620636309,"2,core"
BUMA.1121.00010,core,2,block,19.440308721516367,"2,core"
BUMA.1121.00011,core,1,block,25.983787390312653,"1,core"
BUMA.1121.00011,core,1,"block, gene",40.63403920350036,"1,core"
BUMA.1121.00011,core,1,gene,4.4514120763144165,"1,core"
BUMA.1121.00011,core,2,block,12.154112310066031,"2,core"
BUMA.1121.00011,core,2,"block, gene",13.11448320174097,"2,core"
BUMA.1121.00011,core,2,gene,2.066602209077688,"2,core"
BUMA.1121.00012,core,1,block,24.749265208923806,"1,core"
BUMA.1121.00012,core,1,gene,4.314922039441535,"1,core"
BUMA.1121.00012,core,1,"block, gene",39.19855926122806,"1,core"
BUMA.1121.00012,core,2,block,11.998382630252117,"2,core"
BUMA.1121.00012,core,2,"block, gene",12.962050226084926,"2,core"
BUMA.1121.00012,core,2,gene,2.0105463703801063,"2,core"
BUMA.1121.00013,core,1,block,28.76280022368355,"1,core"
BUMA.1121.00013,core,1,"block, gene",45.385712283524235,"1,core"
BUMA.1121.00013,core,1,gene,4.871942291666608,"1,core"
BUMA.1121.00013,core,2,gene,3.017634106749165,"2,core"
BUMA.1121.00013,core,2,"block, gene",21.20909509548025,"2,core"
BUMA.1121.00013,core,2,block,19.19497144082821,"2,core"
BUMA.1121.00014,core,1,block,24.548958457596985,"1,core"
BUMA.1121.00014,core,1,"block, gene",38.90204900106228,"1,core"
BUMA.1121.00014,core,1,gene,4.249911476943294,"1,core"
BUMA.1121.00014,core,2,block,12.079295272612631,"2,core"
BUMA.1121.00014,core,2,"block, gene",13.020996897449653,"2,core"
BUMA.1121.00014,core,2,gene,2.046809529802935,"2,core"
BUMA.1121.00015,core,1,block,28.920529679823986,"1,core"
BUMA.1121.00015,core,1,"block, gene",45.6039481836182,"1,core"
BUMA.1121.00015,core,1,gene,4.929640872789061,"1,core"
BUMA.1121.00015,core,2,block,18.248175182481752,"2,core"
BUMA.1121.00015,core,2,"block, gene",20.153708361713424,"2,core"
BUMA.1121.00015,core,2,gene,2.940356221541696,"2,core"
BUMA.1121.00016,core,1,block,25.61954968107299,"1,core"
BUMA.1121.00016,core,1,"block, gene",40.522318481299,"1,core"
BUMA.1121.00016,core,1,gene,4.432732950827997,"1,core"
BUMA.1121.00016,core,2,gene,1.9997413599197358,"2,core"
BUMA.1121.00016,core,2,"block, gene",13.052283908358058,"2,core"
BUMA.1121.00016,core,2,block,12.104079955332491,"2,core"
BUMA.1121.00017,core,1,block,29.507475142152867,"1,core"
BUMA.1121.00017,core,1,"block, gene",46.53781904276584,"1,core"
BUMA.1121.00017,core,1,gene,5.031630974935754,"1,core"
BUMA.1121.00017,core,2,gene,2.871431636678307,"2,core"
BUMA.1121.00017,core,2,block,19.24741045344475,"2,core"
BUMA.1121.00017,core,2,"block, gene",21.262269841007857,"2,core"
BUMA.1121.00018,core,1,gene,4.331145080624445,"1,core"
BUMA.1121.00018,core,1,block,25.01355508569947,"1,core"
BUMA.1121.00018,core,1,"block, gene",39.612370335062444,"1,core"
BUMA.1121.00018,core,2,gene,2.10766137633374,"2,core"
BUMA.1121.00018,core,2,"block, gene",13.82185113458288,"2,core"
BUMA.1121.00018,core,2,block,12.793922092775222,"2,core"
BUMA.1121.00019,core,1,block,30.054343137609397,"1,core"
BUMA.1121.00019,core,1,"block, gene",47.08108137348886,"1,core"
BUMA.1121.00019,core,1,gene,5.084686407325547,"1,core"
BUMA.1121.00019,core,2,gene,3.0968249001319377,"2,core"
BUMA.1121.00019,core,2,block,20.109941790140738,"2,core"
BUMA.1121.00019,core,2,"block, gene",21.63966614879838,"2,core"
BUMA.1121.00020,core,1,block,29.856889632448315,"1,core"
BUMA.1121.00020,core,1,"block, gene",46.51626136334489,"1,core"
BUMA.1121.00020,core,1,gene,5.0284861036300095,"1,core"
BUMA.1121.00020,core,2,gene,2.8905473841201217,"2,core"
BUMA.1121.00020,core,2,block,19.372638815908452,"2,core"
BUMA.1121.00020,core,2,"block, gene",21.401993327096175,"2,core"
BUMA.1121.00021,core,1,block,25.703430151651723,"1,core"
BUMA.1121.00021,core,1,"block, gene",40.61961351740278,"1,core"
BUMA.1121.00021,core,1,gene,4.444342315416607,"1,core"
BUMA.1121.00021,core,2,gene,2.100406637195771,"2,core"
BUMA.1121.00021,core,2,block,12.577526764016621,"2,core"
BUMA.1121.00021,core,2,"block, gene",13.575578320668663,"2,core"
BUMA.1121.00022,core,1,block,28.82374488535268,"1,core"
BUMA.1121.00022,core,1,"block, gene",45.33674506457251,"1,core"
BUMA.1121.00022,core,1,gene,4.908881606483825,"1,core"
BUMA.1121.00022,core,2,gene,2.783256014764256,"2,core"
BUMA.1121.00022,core,2,block,17.34770324117572,"2,core"
BUMA.1121.00022,core,2,"block, gene",19.162639259475508,"2,core"
BUMA.1121.00023,core,1,block,25.29064519623064,"1,core"
BUMA.1121.00023,core,1,"block, gene",40.11376976138503,"1,core"
BUMA.1121.00023,core,1,gene,4.383219374915226,"1,core"
BUMA.1121.00023,core,2,block,12.1943021120987,"2,core"
BUMA.1121.00023,core,2,"block, gene",13.118470457638331,"2,core"
BUMA.1121.00023,core,2,gene,2.0665927438797262,"2,core"
BUMA.1121.00024,core,1,block,30.15231318105912,"1,core"
BUMA.1121.00024,core,1,"block, gene",47.26415920107501,"1,core"
BUMA.1121.00024,core,1,gene,5.22799077242322,"1,core"
BUMA.1121.00024,core,2,gene,2.89210531483938,"2,core"
BUMA.1121.00024,core,2,block,20.057676067779422,"2,core"
BUMA.1121.00024,core,2,"block, gene",21.70636713080086,"2,core"
BUMA.1121.00025,core,1,block,56.637130771488074,"1,core"
BUMA.1121.00025,core,1,"block, gene",7.341101416911805,"1,core"
BUMA.1121.00025,core,1,gene,4.376155609792176,"1,core"
BUMA.1121.00025,core,2,gene,48.34660670724083,"2,core"
BUMA.1121.00025,core,2,block,15.779330172320558,"2,core"
BUMA.1121.00025,core,2,"block, gene",10.884740388915649,"2,core"
BUMA.1121.00026,core,1,gene,4.9307044354343565,"1,core"
BUMA.1121.00026,core,1,block,28.85536142182647,"1,core"
BUMA.1121.00026,core,1,"block, gene",45.51294039184496,"1,core"
BUMA.1121.00026,core,2,gene,3.2913823902890473,"2,core"
BUMA.1121.00026,core,2,block,21.987441620213936,"2,core"
BUMA.1121.00026,core,2,"block, gene",24.268719195919335,"2,core"
BUMA.1121.00027,core,1,gene,4.489029044517912,"1,core"
BUMA.1121.00027,core,1,block,25.91833397805809,"1,core"
BUMA.1121.00027,core,1,"block, gene",40.92917133593616,"1,core"
BUMA.1121.00027,core,2,block,12.39424296638699,"2,core"
BUMA.1121.00027,core,2,"block, gene",13.353006386424966,"2,core"
BUMA.1121.00027,core,2,gene,2.10684600295723,"2,core"
BUMA.1121.00028,core,1,block,29.734518813778095,"1,core"
BUMA.1121.00028,core,1,"block, gene",46.23605673964188,"1,core"
BUMA.1121.00028,core,1,gene,5.1011297684154995,"1,core"
BUMA.1121.00028,core,2,gene,2.83351058205125,"2,core"
BUMA.1121.00028,core,2,block,19.01312758507123,"2,core"
BUMA.1121.00028,core,2,"block, gene",20.995797738017544,"2,core"
BUMA.1121.00029,core,1,block,58.601376740155985,"1,core"
BUMA.1121.00029,core,1,"block, gene",7.401707571332396,"1,core"
BUMA.1121.00029,core,1,gene,4.756215084572412,"1,core"
BUMA.1121.00029,core,2,gene,45.284319152797195,"2,core"
BUMA.1121.00029,core,2,block,14.638613447808288,"2,core"
BUMA.1121.00029,core,2,"block, gene",10.496822163242486,"2,core"
BUMA.1121.00030,core,1,block,29.510001100383178,"1,core"
BUMA.1121.00030,core,1,"block, gene",46.537019252096634,"1,core"
BUMA.1121.00030,core,1,gene,5.0309979668836515,"1,core"
BUMA.1121.00030,core,2,gene,2.8767074186461765,"2,core"
BUMA.1121.00030,core,2,block,19.249910154477703,"2,core"
BUMA.1121.00030,core,2,"block, gene",21.259997377736987,"2,core"
BUMA.1121.00031,core,1,block,25.420779720173392,"1,core"
BUMA.1121.00031,core,1,"block, gene",40.31988381594578,"1,core"
BUMA.1121.00031,core,1,gene,4.413184202343104,"1,core"
BUMA.1121.00031,core,2,gene,2.0550256346191063,"2,core"
BUMA.1121.00031,core,2,block,12.115633810752087,"2,core"
BUMA.1121.00031,core,2,"block, gene",13.043709903805878,"2,core"
BUMA.1121.00032,core,1,block,29.69399799407462,"1,core"
BUMA.1121.00032,core,1,"block, gene",46.60539763321338,"1,core"
BUMA.1121.00032,core,1,gene,4.99647665509519,"1,core"
BUMA.1121.00032,core,2,block,23.629140376836187,"2,core"
BUMA.1121.00032,core,2,"block, gene",26.111325065368657,"2,core"
BUMA.1121.00032,core,2,gene,3.4171229683595437,"2,core"
BUMA.1121.00033,core,1,block,24.74145464878224,"1,core"
BUMA.1121.00033,core,1,"block, gene",39.18222678603083,"1,core"
BUMA.1121.00033,core,1,gene,4.330144048655459,"1,core"
BUMA.1121.00033,core,2,block,12.172795359351927,"2,core"
BUMA.1121.00033,core,2,"block, gene",13.131235624320507,"2,core"
BUMA.1121.00033,core,2,gene,2.0570010329534334,"2,core"
BUMA.1121.00034,core,1,block,29.693791493250554,"1,core"
BUMA.1121.00034,core,1,"block, gene",46.677657848537706,"1,core"
BUMA.1121.00034,core,1,gene,4.997741882950629,"1,core"
BUMA.1121.00034,core,2,gene,2.86816828825702,"2,core"
BUMA.1121.00034,core,2,block,19.24673386929441,"2,core"
BUMA.1121.00034,core,2,"block, gene",21.262199653675083,"2,core"
BUMA.1121.00035,core,1,block,25.118994504624037,"1,core"
BUMA.1121.00035,core,1,"block, gene",39.89391602611365,"1,core"
BUMA.1121.00035,core,1,gene,4.360273072948926,"1,core"
BUMA.1121.00035,core,2,block,11.955559547647585,"2,core"
BUMA.1121.00035,core,2,"block, gene",12.88175514140625,"2,core"
BUMA.1121.00035,core,2,gene,2.0593751105764126,"2,core"
BUMA.1121.00036,core,1,block,29.625431396560977,"1,core"
BUMA.1121.00036,core,1,"block, gene",46.72404644552367,"1,core"
BUMA.1121.00036,core,1,gene,4.987616551169741,"1,core"
BUMA.1121.00036,core,2,gene,2.8610468746032343,"2,core"
BUMA.1121.00036,core,2,block,17.89843150063001,"2,core"
BUMA.1121.00036,core,2,"block, gene",19.73815438418909,"2,core"
BUMA.1121.00037,core,1,block,25.81987778586381,"1,core"
BUMA.1121.00037,core,1,gene,4.468952489633201,"1,core"
BUMA.1121.00037,core,1,"block, gene",40.83256176690326,"1,core"
BUMA.1121.00037,core,2,block,12.327984815125273,"2,core"
BUMA.1121.00037,core,2,"block, gene",13.279689170178019,"2,core"
BUMA.1121.00037,core,2,gene,2.023174453050551,"2,core"
BUMA.1121.00038,core,1,block,29.19939589519847,"1,core"
BUMA.1121.00038,core,1,"block, gene",46.019657622663566,"1,core"
BUMA.1121.00038,core,1,gene,4.979078270090459,"1,core"
BUMA.1121.00038,core,2,gene,2.9273434601748525,"2,core"
BUMA.1121.00038,core,2,block,18.357842014445616,"2,core"
BUMA.1121.00038,core,2,"block, gene",20.25449146170906,"2,core"
BUMA.1121.00039,core,1,block,59.67307064557317,"1,core"
BUMA.1121.00039,core,1,"block, gene",6.676943081298416,"1,core"
BUMA.1121.00039,core,1,gene,5.507156629905998,"1,core"
BUMA.1121.00039,core,2,gene,48.10681448830116,"2,core"
BUMA.1121.00039,core,2,block,16.187582092210423,"2,core"
BUMA.1121.00039,core,2,"block, gene",9.901505249130976,"2,core"
BUMA.1121.00040,core,1,block,28.871260506849904,"1,core"
BUMA.1121.00040,core,1,"block, gene",45.46609712855209,"1,core"
BUMA.1121.00040,core,1,gene,4.911745696598556,"1,core"
BUMA.1121.00040,core,2,block,18.361454139375763,"2,core"
BUMA.1121.00040,core,2,"block, gene",20.245812424842857,"2,core"
BUMA.1121.00040,core,2,gene,2.9358957024376857,"2,core"
BUMA.1121.00041,core,1,block,56.456002433736074,"1,core"
BUMA.1121.00041,core,1,"block, gene",8.438733161056547,"1,core"
BUMA.1121.00041,core,1,gene,3.4856304619407115,"1,core"
BUMA.1121.00041,core,2,gene,43.50683411757969,"2,core"
BUMA.1121.00041,core,2,"block, gene",12.752135257717741,"2,core"
BUMA.1121.00041,core,2,block,12.571562609086998,"2,core"
BUMA.1121.00042,core,1,block,29.302765191644525,"1,core"
BUMA.1121.00042,core,1,"block, gene",46.143758888564854,"1,core"
BUMA.1121.00042,core,1,gene,4.927524723742191,"1,core"
BUMA.1121.00042,core,2,gene,2.9443509426702397,"2,core"
BUMA.1121.00042,core,2,block,19.02208065230647,"2,core"
BUMA.1121.00042,core,2,"block, gene",21.02299274102224,"2,core"
BUMA.1121.00043,core,1,block,57.59197165916028,"1,core"
BUMA.1121.00043,core,1,"block, gene",6.680925486099924,"1,core"
BUMA.1121.00043,core,1,gene,5.091791549016646,"1,core"
BUMA.1121.00043,core,2,block,15.369758575319741,"2,core"
BUMA.1121.00043,core,2,"block, gene",9.738249134317366,"2,core"
BUMA.1121.00043,core,2,gene,46.044406873590454,"2,core"
BUMA.1121.00044,core,1,block,29.64139150001464,"1,core"
BUMA.1121.00044,core,1,"block, gene",46.593521982490415,"1,core"
BUMA.1121.00044,core,1,gene,4.9701261441648406,"1,core"
BUMA.1121.00044,core,2,block,19.247867956190404,"2,core"
BUMA.1121.00044,core,2,"block, gene",21.265067684903688,"2,core"
BUMA.1121.00044,core,2,gene,2.8718094805085776,"2,core"
BUMA.1121.00045,core,1,block,25.77280320831535,"1,core"
BUMA.1121.00045,core,1,"block, gene",40.89427809794866,"1,core"
BUMA.1121.00045,core,1,gene,4.532043970041459,"1,core"
BUMA.1121.00045,core,2,block,12.14796971254536,"2,core"
BUMA.1121.00045,core,2,"block, gene",13.066689170010203,"2,core"
BUMA.1121.00045,core,2,gene,2.0620938849721138,"2,core"
BUMA.1121.00046,core,1,block,29.25809527554971,"1,core"
BUMA.1121.00046,core,1,"block, gene",46.02832356137978,"1,core"
BUMA.1121.00046,core,1,gene,4.977341264888051,"1,core"
BUMA.1121.00046,core,2,gene,2.836830345737392,"2,core"
BUMA.1121.00046,core,2,block,19.006684349146923,"2,core"
BUMA.1121.00046,core,2,"block, gene",20.95359974730466,"2,core"
BUMA.1121.00047,core,1,block,25.689716815988923,"1,core"
BUMA.1121.00047,core,1,"block, gene",40.339614553806236,"1,core"
BUMA.1121.00047,core,1,gene,4.3946956120738045,"1,core"
BUMA.1121.00047,core,2,block,12.648273240296012,"2,core"
BUMA.1121.00047,core,2,"block, gene",13.617002924653827,"2,core"
BUMA.1121.00047,core,2,gene,2.1459068423482206,"2,core"
BUMA.1121.00048,core,1,block,29.19955546527863,"1,core"
BUMA.1121.00048,core,1,"block, gene",46.014300662614275,"1,core"
BUMA.1121.00048,core,1,gene,4.97699980086531,"1,core"
BUMA.1121.00048,core,2,gene,2.7381207334453164,"2,core"
BUMA.1121.00048,core,2,block,17.584720433964034,"2,core"
BUMA.1121.00048,core,2,"block, gene",19.386338596187937,"2,core"
BUMA.1121.00049,core,1,gene,4.463284148761757,"1,core"
BUMA.1121.00049,core,1,block,25.692863724320425,"1,core"
BUMA.1121.00049,core,1,"block, gene",40.759916012310526,"1,core"
BUMA.1121.00049,core,2,block,12.498088229287092,"2,core"
BUMA.1121.00049,core,2,"block, gene",13.502753424800677,"2,core"
BUMA.1121.00049,core,2,gene,2.124907419633592,"2,core"
BUMA.1121.00050,core,1,block,28.88731976980291,"1,core"
BUMA.1121.00050,core,1,"block, gene",45.45050056243444,"1,core"
BUMA.1121.00050,core,1,gene,4.9173402887398,"1,core"
BUMA.1121.00050,core,2,gene,2.7775683849466324,"2,core"
BUMA.1121.00050,core,2,"block, gene",19.42350875092127,"2,core"
BUMA.1121.00050,core,2,block,17.623098934451335,"2,core"
BUMA.1121.00051,core,1,block,26.122922251472787,"1,core"
BUMA.1121.00051,core,1,"block, gene",41.24172813297591,"1,core"
BUMA.1121.00051,core,1,gene,4.5005929258230735,"1,core"
BUMA.1121.00051,core,2,gene,2.1067600122620416,"2,core"
BUMA.1121.00051,core,2,block,12.700072705561736,"2,core"
BUMA.1121.00051,core,2,"block, gene",13.678243382269152,"2,core"
BUMA.1121.00052,core,1,block,29.605651392262615,"1,core"
BUMA.1121.00052,core,1,"block, gene",46.51522637133407,"1,core"
BUMA.1121.00052,core,1,gene,5.012414170109011,"1,core"
BUMA.1121.00052,core,2,gene,3.425225262614245,"2,core"
BUMA.1121.00052,core,2,block,23.538963284730098,"2,core"
BUMA.1121.00052,core,2,"block, gene",25.981748425236788,"2,core"
BUMA.1121.00053,core,1,block,25.449292942973667,"1,core"
BUMA.1121.00053,core,1,"block, gene",40.33144846951119,"1,core"
BUMA.1121.00053,core,1,gene,4.4454765967240375,"1,core"
BUMA.1121.00053,core,2,gene,2.088449110717076,"2,core"
BUMA.1121.00053,core,2,block,12.317766453924909,"2,core"
BUMA.1121.00053,core,2,"block, gene",13.229206093500718,"2,core"
BUMA.1121.00054,core,1,block,29.255584703992675,"1,core"
BUMA.1121.00054,core,1,gene,4.955563937497087,"1,core"
BUMA.1121.00054,core,1,"block, gene",45.67292628176603,"1,core"
BUMA.1121.00054,core,2,block,17.58356599868916,"2,core"
BUMA.1121.00054,core,2,"block, gene",19.389582440947724,"2,core"
BUMA.1121.00054,core,2,gene,2.8031229625653915,"2,core"
BUMA.1121.00055,core,1,gene,4.403947663471132,"1,core"
BUMA.1121.00055,core,1,"block, gene",40.11706739561523,"1,core"
BUMA.1121.00055,core,1,block,25.386871654576765,"1,core"
BUMA.1121.00055,core,2,block,12.517143582931231,"2,core"
BUMA.1121.00055,core,2,"block, gene",13.499894525392776,"2,core"
BUMA.1121.00055,core,2,gene,2.131220547086969,"2,core"
BUMA.1121.00056,core,1,block,26.094852908141664,"1,core"
BUMA.1121.00056,core,1,"block, gene",41.25619852964614,"1,core"
BUMA.1121.00056,core,1,gene,4.5147458304793595,"1,core"
BUMA.1121.00056,core,2,gene,2.1635000514167326,"2,core"
BUMA.1121.00056,core,2,"block, gene",13.733038522576457,"2,core"
BUMA.1121.00056,core,2,block,12.730363885402904,"2,core"
BUMA.1121.00057,core,1,block,25.919046273958685,"1,core"
BUMA.1121.00057,core,1,"block, gene",41.019816724740764,"1,core"
BUMA.1121.00057,core,1,gene,4.490827752996614,"1,core"
BUMA.1121.00057,core,2,gene,2.1371997703737544,"2,core"
BUMA.1121.00057,core,2,"block, gene",13.56897420655021,"2,core"
BUMA.1121.00057,core,2,block,12.610265516496582,"2,core"
BUMA.1121.00058,core,1,block,25.599759312710646,"1,core"
BUMA.1121.00058,core,1,"block, gene",40.51374711769086,"1,core"
BUMA.1121.00058,core,1,gene,4.431548761598846,"1,core"
BUMA.1121.00058,core,2,gene,2.021128752108162,"2,core"
BUMA.1121.00058,core,2,block,12.278283280335675,"2,core"
BUMA.1121.00058,core,2,"block, gene",13.261609940350802,"2,core"
BUMA.1121.00059,core,1,block,60.72471470658461,"1,core"
BUMA.1121.00059,core,1,"block, gene",6.291839953965436,"1,core"
BUMA.1121.00059,core,1,gene,6.038040454071831,"1,core"
BUMA.1121.00059,core,2,gene,50.26510810844845,"2,core"
BUMA.1121.00059,core,2,"block, gene",7.176461699260808,"2,core"
BUMA.1121.00059,core,2,block,18.686013272720402,"2,core"
BUMA.1121.00060,core,1,block,25.765896928053046,"1,core"
BUMA.1121.00060,core,1,"block, gene",40.89674768248711,"1,core"
BUMA.1121.00060,core,1,gene,4.5321026007444205,"1,core"
BUMA.1121.00060,core,2,block,13.160818211916567,"2,core"
BUMA.1121.00060,core,2,"block, gene",14.151605084040373,"2,core"
BUMA.1121.00060,core,2,gene,2.1082891557934738,"2,core"
BUMA.1121.00061,core,1,block,26.857252711976432,"1,core"
BUMA.1121.00061,core,1,"block, gene",42.58952715525986,"1,core"
BUMA.1121.00061,core,1,gene,4.681396368935022,"1,core"
BUMA.1121.00061,core,2,gene,2.1208384471787043,"2,core"
BUMA.1121.00061,core,2,block,12.73508647985231,"2,core"
BUMA.1121.00061,core,2,"block, gene",13.724196567621366,"2,core"
BUMA.1121.00062,core,1,block,26.179780818638516,"1,core"
BUMA.1121.00062,core,1,"block, gene",41.33174478562904,"1,core"
BUMA.1121.00062,core,1,gene,4.52421772491336,"1,core"
BUMA.1121.00062,core,2,block,12.255682337822986,"2,core"
BUMA.1121.00062,core,2,"block, gene",13.204012320322175,"2,core"
BUMA.1121.00062,core,2,gene,2.1191016147558646,"2,core"
BUMA.1121.00063,core,1,block,26.895293553974863,"1,core"
BUMA.1121.00063,core,1,"block, gene",42.656958965305485,"1,core"
BUMA.1121.00063,core,1,gene,4.659208707446833,"1,core"
BUMA.1121.00063,core,2,gene,2.135071298585591,"2,core"
BUMA.1121.00063,core,2,block,12.693325830585644,"2,core"
BUMA.1121.00063,core,2,"block, gene",13.683103979218417,"2,core"
BUMA.1121.00064,core,1,block,25.880541440041217,"1,core"
BUMA.1121.00064,core,1,"block, gene",41.03626498124139,"1,core"
BUMA.1121.00064,core,1,gene,4.50840611846915,"1,core"
BUMA.1121.00064,core,2,gene,2.210172882075309,"2,core"
BUMA.1121.00064,core,2,block,13.003022022764698,"2,core"
BUMA.1121.00064,core,2,"block, gene",14.015539481238617,"2,core"
BUMA.1121.00065,core,1,block,25.662052086614253,"1,core"
BUMA.1121.00065,core,1,"block, gene",40.70618724161224,"1,core"
BUMA.1121.00065,core,1,gene,4.472943446385097,"1,core"
BUMA.1121.00065,core,2,gene,2.0812551657308975,"2,core"
BUMA.1121.00065,core,2,block,12.250139714820675,"2,core"
BUMA.1121.00065,core,2,"block, gene",13.187746979247859,"2,core"
BUMA.1121.00066,core,1,block,26.883951332094924,"1,core"
BUMA.1121.00066,core,1,"block, gene",42.638166115556054,"1,core"
BUMA.1121.00066,core,1,gene,4.659472267164521,"1,core"
BUMA.1121.00066,core,2,gene,2.1129653525878025,"2,core"
BUMA.1121.00066,core,2,block,12.72705597682762,"2,core"
BUMA.1121.00066,core,2,"block, gene",13.729248524742282,"2,core"
BUMA.1121.00067,core,1,block,25.781721694365885,"1,core"
BUMA.1121.00067,core,1,"block, gene",40.809780061330194,"1,core"
BUMA.1121.00067,core,1,gene,4.491349621850075,"1,core"
BUMA.1121.00067,core,2,gene,2.0615878623681967,"2,core"
BUMA.1121.00067,core,2,"block, gene",13.50125261515886,"2,core"
BUMA.1121.00067,core,2,block,12.507935763715091,"2,core"
BUMA.1121.00068,core,1,block,25.227732615074917,"1,core"
BUMA.1121.00068,core,1,"block, gene",39.9829870805407,"1,core"
BUMA.1121.00068,core,1,gene,4.395563509184569,"1,core"
BUMA.1121.00068,core,2,gene,2.129548119502236,"2,core"
BUMA.1121.00068,core,2,block,12.562437316476464,"2,core"
BUMA.1121.00068,core,2,"block, gene",13.539863464682947,"2,core"
BUMA.1121.00069,core,1,block,26.899369532230153,"1,core"
BUMA.1121.00069,core,1,"block, gene",42.68807232473206,"1,core"
BUMA.1121.00069,core,1,gene,4.6687129103189005,"1,core"
BUMA.1121.00069,core,2,gene,2.184791875639134,"2,core"
BUMA.1121.00069,core,2,block,12.858098314982849,"2,core"
BUMA.1121.00069,core,2,"block, gene",13.887195752647836,"2,core"
BUMA.1121.00070,core,1,block,26.971495648801614,"1,core"
BUMA.1121.00070,core,1,"block, gene",42.77542298437421,"1,core"
BUMA.1121.00070,core,1,gene,4.674411673991325,"1,core"
BUMA.1121.00070,core,2,gene,2.1526049426770006,"2,core"
BUMA.1121.00070,core,2,block,12.741631267958809,"2,core"
BUMA.1121.00070,core,2,"block, gene",13.747550375001532,"2,core"
BUMA.1121.00071,core,1,block,26.87041024505148,"1,core"
BUMA.1121.00071,core,1,"block, gene",42.63050764109744,"1,core"
BUMA.1121.00071,core,1,gene,4.6507441906547315,"1,core"
BUMA.1121.00071,core,2,gene,2.0787524856391526,"2,core"
BUMA.1121.00071,core,2,block,12.673481824660296,"2,core"
BUMA.1121.00071,core,2,"block, gene",13.654465783532126,"2,core"
BUMA.1121.00072,core,1,block,26.912720978464833,"1,core"
BUMA.1121.00072,core,1,"block, gene",42.7290353097727,"1,core"
BUMA.1121.00072,core,1,gene,4.670812909664575,"1,core"
BUMA.1121.00072,core,2,gene,2.1160914367909966,"2,core"
BUMA.1121.00072,core,2,block,12.755460750963415,"2,core"
BUMA.1121.00072,core,2,"block, gene",13.748541723023248,"2,core"
BUMA.1121.00073,core,1,block,26.822520142741823,"1,core"
BUMA.1121.00073,core,1,"block, gene",42.51098148323932,"1,core"
BUMA.1121.00073,core,1,gene,4.683053301092187,"1,core"
BUMA.1121.00073,core,2,gene,2.141649295272673,"2,core"
BUMA.1121.00073,core,2,block,12.659259145301775,"2,core"
BUMA.1121.00073,core,2,"block, gene",13.656800227687052,"2,core"
BUMA.1121.00074,core,1,block,25.944818748626787,"1,core"
BUMA.1121.00074,core,1,"block, gene",40.18442868288344,"1,core"
BUMA.1121.00074,core,1,gene,4.3374026578886085,"1,core"
BUMA.1121.00074,core,2,gene,2.4129017947274694,"2,core"
BUMA.1121.00074,core,2,"block, gene",16.127302877766507,"2,core"
BUMA.1121.00074,core,2,block,13.248733545457222,"2,core"
BUMA.1121.00075,core,1,block,26.465283179793875,"1,core"
BUMA.1121.00075,core,1,"block, gene",41.7703196826594,"1,core"
BUMA.1121.00075,core,1,gene,4.5719047581508745,"1,core"
BUMA.1121.00075,core,2,block,12.531914467796765,"2,core"
BUMA.1121.00075,core,2,"block, gene",13.541296376244613,"2,core"
BUMA.1121.00075,core,2,gene,2.130522032855899,"2,core"
BUMA.1121.00076,core,1,block,26.428446305714036,"1,core"
BUMA.1121.00076,core,1,"block, gene",41.79232736468853,"1,core"
BUMA.1121.00076,core,1,gene,4.579006258648959,"1,core"
BUMA.1121.00076,core,2,block,12.32019363438793,"2,core"
BUMA.1121.00076,core,2,"block, gene",13.26689150546311,"2,core"
BUMA.1121.00076,core,2,gene,2.0912750765851307,"2,core"
BUMA.1121.00077,core,1,block,25.8572274070344,"1,core"
BUMA.1121.00077,core,1,"block, gene",40.988016611684294,"1,core"
BUMA.1121.00077,core,1,gene,4.497555410731651,"1,core"
BUMA.1121.00077,core,2,gene,1.8843473233800478,"2,core"
BUMA.1121.00077,core,2,block,12.13067010443796,"2,core"
BUMA.1121.00077,core,2,"block, gene",13.065782375936747,"2,core"
BUMA.1121.00078,core,1,gene,4.311762997525424,"1,core"
BUMA.1121.00078,core,1,block,24.88033948017099,"1,core"
BUMA.1121.00078,core,1,"block, gene",39.44824871530853,"1,core"
BUMA.1121.00078,core,2,block,12.768800036321263,"2,core"
BUMA.1121.00078,core,2,"block, gene",12.905700924678785,"2,core"
BUMA.1121.00078,core,2,gene,1.8278977556487128,"2,core"
BUMA.1121.00079,core,1,block,25.592352728245643,"1,core"
BUMA.1121.00079,core,1,"block, gene",40.39972005382521,"1,core"
BUMA.1121.00079,core,1,gene,4.4359320653456935,"1,core"
BUMA.1121.00079,core,2,gene,2.061492034253689,"2,core"
BUMA.1121.00079,core,2,block,12.713262366077066,"2,core"
BUMA.1121.00079,core,2,"block, gene",13.671696182102103,"2,core"
BUMA.1121.00080,core,1,block,25.937258691347438,"1,core"
BUMA.1121.00080,core,1,"block, gene",40.95781672465342,"1,core"
BUMA.1121.00080,core,1,gene,4.475100497773264,"1,core"
BUMA.1121.00080,core,2,gene,2.0511674933700417,"2,core"
BUMA.1121.00080,core,2,block,12.4538612556166,"2,core"
BUMA.1121.00080,core,2,"block, gene",13.431317349176128,"2,core"
BUMA.1121.00081,core,1,block,29.19965198048629,"1,core"
BUMA.1121.00081,core,1,"block, gene",46.01532470995525,"1,core"
BUMA.1121.00081,core,1,gene,4.977055098531458,"1,core"
BUMA.1121.00081,core,2,gene,2.806707612333241,"2,core"
BUMA.1121.00081,core,2,block,17.584088127505527,"2,core"
BUMA.1121.00081,core,2,"block, gene",19.382950926265977,"2,core"
BUMA.1121.00082,core,1,block,25.466690489385062,"1,core"
BUMA.1121.00082,core,1,"block, gene",40.352240816268434,"1,core"
BUMA.1121.00082,core,1,gene,4.4350996995490535,"1,core"
BUMA.1121.00082,core,2,gene,2.1503905603678533,"2,core"
BUMA.1121.00082,core,2,block,12.472277856479899,"2,core"
BUMA.1121.00082,core,2,"block, gene",13.425979473716557,"2,core"
BUMA.1121.00083,core,1,block,25.4750037243404,"1,core"
BUMA.1121.00083,core,1,"block, gene",40.34556479530117,"1,core"
BUMA.1121.00083,core,1,gene,4.44017457646212,"1,core"
BUMA.1121.00083,core,2,block,12.474839012223821,"2,core"
BUMA.1121.00083,core,2,"block, gene",13.4257171373942,"2,core"
BUMA.1121.00083,core,2,gene,2.1503485429081706,"2,core"
BUMA.1121.00084,core,1,gene,4.357592724896833,"1,core"
BUMA.1121.00084,core,1,block,25.162397619945466,"1,core"
BUMA.1121.00084,core,1,"block, gene",39.85125143833738,"1,core"
BUMA.1121.00084,core,2,block,12.40501332280667,"2,core"
BUMA.1121.00084,core,2,"block, gene",13.390599296867583,"2,core"
BUMA.1121.00084,core,2,gene,2.1112515643847654,"2,core"
BUMA.1121.00085,core,1,block,29.530278484168683,"1,core"
BUMA.1121.00085,core,1,"block, gene",46.59739111588668,"1,core"
BUMA.1121.00085,core,1,gene,5.012760784049106,"1,core"
BUMA.1121.00085,core,2,block,23.54169236426767,"2,core"
BUMA.1121.00085,core,2,"block, gene",25.980879832061614,"2,core"
BUMA.1121.00085,core,2,gene,3.4330650023459266,"2,core"
BUMA.1121.00086,core,1,block,29.459273670669027,"1,core"
BUMA.1121.00086,core,1,"block, gene",46.33218019805549,"1,core"
BUMA.1121.00086,core,1,gene,5.10757971179914,"1,core"
BUMA.1121.00086,core,2,gene,2.7767139759754116,"2,core"
BUMA.1121.00086,core,2,block,17.362931440110888,"2,core"
BUMA.1121.00086,core,2,"block, gene",19.170747485944712,"2,core"
BUMA.1121.00087,core,1,gene,5.025968115630176,"1,core"
BUMA.1121.00087,core,1,"block, gene",46.45562694286209,"1,core"
BUMA.1121.00087,core,1,block,29.475637954931067,"1,core"
BUMA.1121.00087,core,2,block,17.35234252264865,"2,core"
BUMA.1121.00087,core,2,"block, gene",19.178651959679403,"2,core"
BUMA.1121.00087,core,2,gene,2.776783079025957,"2,core"
BUMA.1121.00088,core,1,block,25.05396052241659,"1,core"
BUMA.1121.00088,core,1,"block, gene",39.71492034709591,"1,core"
BUMA.1121.00088,core,1,gene,4.36792224757863,"1,core"
BUMA.1121.00088,core,2,block,12.385230214663968,"2,core"
BUMA.1121.00088,core,2,"block, gene",13.380317733444908,"2,core"
BUMA.1121.00088,core,2,gene,2.1092740549086346,"2,core"
BUMA.1121.00089,core,1,block,26.077491158857253,"1,core"
BUMA.1121.00089,core,1,"block, gene",41.22553720676302,"1,core"
BUMA.1121.00089,core,1,gene,4.50294662971,"1,core"
BUMA.1121.00089,core,2,gene,2.1663161112927853,"2,core"
BUMA.1121.00089,core,2,block,12.749798922469536,"2,core"
BUMA.1121.00089,core,2,"block, gene",13.743415396185622,"2,core"
BUMA.1121.00090,core,1,block,25.152050682590378,"1,core"
BUMA.1121.00090,core,1,"block, gene",39.899583953230405,"1,core"
BUMA.1121.00090,core,1,gene,4.393359749925516,"1,core"
BUMA.1121.00090,core,2,block,12.112057674741598,"2,core"
BUMA.1121.00090,core,2,"block, gene",13.074877906787712,"2,core"
BUMA.1121.00090,core,2,gene,2.0590979610540905,"2,core"
BUMA.1121.00091,core,1,block,25.806718706564695,"1,core"
BUMA.1121.00091,core,1,"block, gene",40.87577011805203,"1,core"
BUMA.1121.00091,core,1,gene,4.474330558612516,"1,core"
BUMA.1121.00091,core,2,gene,2.073829718646778,"2,core"
BUMA.1121.00091,core,2,block,12.2070945119264,"2,core"
BUMA.1121.00091,core,2,"block, gene",13.130659408324288,"2,core"
BUMA.1121.00092,core,1,block,25.344054294167034,"1,core"
BUMA.1121.00092,core,1,"block, gene",40.16494863497357,"1,core"
BUMA.1121.00092,core,1,gene,4.472363749026307,"1,core"
BUMA.1121.00092,core,2,gene,2.070571473266243,"2,core"
BUMA.1121.00092,core,2,block,12.581740420620074,"2,core"
BUMA.1121.00092,core,2,"block, gene",13.576659730777918,"2,core"
BUMA.1121.00093,core,1,block,25.325914623417955,"1,core"
BUMA.1121.00093,core,1,"block, gene",40.19074448410821,"1,core"
BUMA.1121.00093,core,1,gene,4.46667005524689,"1,core"
BUMA.1121.00093,core,2,gene,2.0695103690115504,"2,core"
BUMA.1121.00093,core,2,"block, gene",13.544475636081554,"2,core"
BUMA.1121.00093,core,2,block,12.553291600830411,"2,core"
BUMA.1121.00094,core,1,block,25.946998046118015,"1,core"
BUMA.1121.00094,core,1,"block, gene",41.08259905536965,"1,core"
BUMA.1121.00094,core,1,gene,4.457919569231369,"1,core"
BUMA.1121.00094,core,2,gene,2.101586790152742,"2,core"
BUMA.1121.00094,core,2,block,12.566137398344077,"2,core"
BUMA.1121.00094,core,2,"block, gene",13.485432964490354,"2,core"
BUMA.1121.00095,core,1,block,25.92824245323355,"1,core"
BUMA.1121.00095,core,1,"block, gene",41.13388322317273,"1,core"
BUMA.1121.00095,core,1,gene,4.474908075795032,"1,core"
BUMA.1121.00095,core,2,block,11.84505156055907,"2,core"
BUMA.1121.00095,core,2,"block, gene",12.748450398840976,"2,core"
BUMA.1121.00095,core,2,gene,2.024488832961633,"2,core"
BUMA.1121.00096,core,1,block,25.77299759195575,"1,core"
BUMA.1121.00096,core,1,"block, gene",40.80725445977092,"1,core"
BUMA.1121.00096,core,1,gene,4.508475308177796,"1,core"
BUMA.1121.00096,core,2,gene,1.9143964936442097,"2,core"
BUMA.1121.00096,core,2,block,11.784276427431553,"2,core"
BUMA.1121.00096,core,2,"block, gene",12.671960308100044,"2,core"
BUMA.1121.00097,core,1,block,25.634965799937316,"1,core"
BUMA.1121.00097,core,1,"block, gene",40.41086781506769,"1,core"
BUMA.1121.00097,core,1,gene,4.420553223655505,"1,core"
BUMA.1121.00097,core,2,block,12.188431976895755,"2,core"
BUMA.1121.00097,core,2,"block, gene",13.130339174107075,"2,core"
BUMA.1121.00097,core,2,gene,2.070895418903103,"2,core"
BUMA.1121.00098,core,1,block,24.46363266773005,"1,core"
BUMA.1121.00098,core,1,"block, gene",38.77352163532964,"1,core"
BUMA.1121.00098,core,1,gene,4.287707955828517,"1,core"
BUMA.1121.00098,core,2,gene,2.0959056009656996,"2,core"
BUMA.1121.00098,core,2,block,12.340028665316058,"2,core"
BUMA.1121.00098,core,2,"block, gene",13.274786218813992,"2,core"
BUMA.1121.00099,core,1,block,25.334356591922813,"1,core"
BUMA.1121.00099,core,1,"block, gene",40.2080707320163,"1,core"
BUMA.1121.00099,core,1,gene,4.425104270148094,"1,core"
BUMA.1121.00099,core,2,gene,2.055902805301184,"2,core"
BUMA.1121.00099,core,2,block,12.109397595228776,"2,core"
BUMA.1121.00099,core,2,"block, gene",13.04258006543999,"2,core"
BUMA.1121.00100,core,1,gene,4.487457938473619,"1,core"
BUMA.1121.00100,core,1,"block, gene",40.8564899135633,"1,core"
BUMA.1121.00100,core,1,block,25.95736671285675,"1,core"
BUMA.1121.00100,core,2,gene,2.177684485264924,"2,core"
BUMA.1121.00100,core,2,block,12.751759476915572,"2,core"
BUMA.1121.00100,core,2,"block, gene",13.707832559959279,"2,core"
BUMA.1121.00101,core,1,block,26.198588098225805,"1,core"
BUMA.1121.00101,core,1,"block, gene",41.54579502721935,"1,core"
BUMA.1121.00101,core,1,gene,4.5499332379457265,"1,core"
BUMA.1121.00101,core,2,gene,2.0220083547043535,"2,core"
BUMA.1121.00101,core,2,block,12.156642704038353,"2,core"
BUMA.1121.00101,core,2,"block, gene",13.10445719660641,"2,core"
BUMA.1121.00102,core,1,block,24.818131620930078,"1,core"
BUMA.1121.00102,core,1,"block, gene",39.269425158058894,"1,core"
BUMA.1121.00102,core,1,gene,4.312801904376429,"1,core"
BUMA.1121.00102,core,2,gene,2.1059468297325186,"2,core"
BUMA.1121.00102,core,2,block,12.44111661824761,"2,core"
BUMA.1121.00102,core,2,"block, gene",13.352343611881873,"2,core"
BUMA.1121.00103,core,1,gene,4.406009507079811,"1,core"
BUMA.1121.00103,core,1,"block, gene",40.50741704460721,"1,core"
BUMA.1121.00103,core,1,block,25.531290668483635,"1,core"
BUMA.1121.00103,core,2,gene,1.9818412804763688,"2,core"
BUMA.1121.00103,core,2,block,11.664830427002396,"2,core"
BUMA.1121.00103,core,2,"block, gene",12.552447841160157,"2,core"
BUMA.1121.00104,core,1,block,58.78024580026467,"1,core"
BUMA.1121.00104,core,1,"block, gene",9.573065650756774,"1,core"
BUMA.1121.00104,core,1,gene,2.9958897426981475,"1,core"
BUMA.1121.00104,core,2,gene,43.167909722019175,"2,core"
BUMA.1121.00104,core,2,"block, gene",14.789731477161638,"2,core"
BUMA.1121.00104,core,2,block,11.320659974041394,"2,core"
BUMA.1121.00105,core,1,block,25.79358995164388,"1,core"
BUMA.1121.00105,core,1,"block, gene",40.91451012173158,"1,core"
BUMA.1121.00105,core,1,gene,4.477396475389353,"1,core"
BUMA.1121.00105,core,2,block,12.312701771575128,"2,core"
BUMA.1121.00105,core,2,"block, gene",13.312260932024166,"2,core"
BUMA.1121.00105,core,2,gene,2.1347131934123387,"2,core"
BUMA.1121.00106,core,1,gene,4.509744615643343,"1,core"
BUMA.1121.00106,core,1,"block, gene",41.274599993222886,"1,core"
BUMA.1121.00106,core,1,block,26.046769637010087,"1,core"
BUMA.1121.00106,core,2,gene,2.105983578174614,"2,core"
BUMA.1121.00106,core,2,block,12.371471633748085,"2,core"
BUMA.1121.00106,core,2,"block, gene",13.33429554151135,"2,core"
BUMA.1121.00107,core,1,block,25.17828982868509,"1,core"
BUMA.1121.00107,core,1,"block, gene",40.01272855814533,"1,core"
BUMA.1121.00107,core,1,gene,4.376512306948984,"1,core"
BUMA.1121.00107,core,2,gene,2.172640563166778,"2,core"
BUMA.1121.00107,core,2,"block, gene",13.203079221821906,"2,core"
BUMA.1121.00107,core,2,block,12.261234967133834,"2,core"
BUMA.1121.00108,core,1,block,25.73176549270461,"1,core"
BUMA.1121.00108,core,1,"block, gene",40.77329130682961,"1,core"
BUMA.1121.00108,core,1,gene,4.483458265930426,"1,core"
BUMA.1121.00108,core,2,gene,2.0946202735725783,"2,core"
BUMA.1121.00108,core,2,block,12.376632817063756,"2,core"
BUMA.1121.00108,core,2,"block, gene",13.335551850374697,"2,core"
BUMA.1121.00109,core,1,gene,4.604542163374985,"1,core"
BUMA.1121.00109,core,1,block,25.684768440162465,"1,core"
BUMA.1121.00109,core,1,"block, gene",41.16841315517253,"1,core"
BUMA.1121.00109,core,2,block,12.446691066521314,"2,core"
BUMA.1121.00109,core,2,"block, gene",13.104537357055113,"2,core"
BUMA.1121.00109,core,2,gene,1.9503052085784818,"2,core"
BUMA.1121.00110,core,1,gene,4.511630807608356,"1,core"
BUMA.1121.00110,core,1,block,25.834337386966013,"1,core"
BUMA.1121.00110,core,1,"block, gene",40.99879014655441,"1,core"
BUMA.1121.00110,core,2,block,12.115275230315813,"2,core"
BUMA.1121.00110,core,2,"block, gene",13.08435842656737,"2,core"
BUMA.1121.00110,core,2,gene,2.0642120121721246,"2,core"
BUMA.1121.00111,core,1,gene,4.464813998320685,"1,core"
BUMA.1121.00111,core,1,"block, gene",40.769598159796736,"1,core"
BUMA.1121.00111,core,1,block,25.744272054888683,"1,core"
BUMA.1121.00111,core,2,gene,2.0719865586736494,"2,core"
BUMA.1121.00111,core,2,block,12.26813665348456,"2,core"
BUMA.1121.00111,core,2,"block, gene",13.27007209738673,"2,core"
BUMA.1121.00112,core,1,gene,4.278130761205056,"1,core"
BUMA.1121.00112,core,1,block,24.506847941550106,"1,core"
BUMA.1121.00112,core,1,"block, gene",38.87345473188552,"1,core"
BUMA.1121.00112,core,2,gene,2.0593420585462603,"2,core"
BUMA.1121.00112,core,2,"block, gene",13.043377122638622,"2,core"
BUMA.1121.00112,core,2,block,12.077706632059648,"2,core"
